Sentence,class,file
"http://dx.doi.org/10.1091/mbc.E09-01-002 3 Dickinson, D.J., W.J.",Non-OADS,/arxiv_data1/oa_pdf/74/cd/JCB_201408044.PMC4210436.pdf
"http://dx.doi.org/10.1126/science.119963 3 do Carmo Avides, M., and D.M.",OADS,/arxiv_data1/oa_pdf/74/cd/JCB_201408044.PMC4210436.pdf
"http://dx.doi.org/10.1126/science.283.5408.173 3 Dujardin, D.L., and R.B.",OADS,/arxiv_data1/oa_pdf/74/cd/JCB_201408044.PMC4210436.pdf
"http://dx.doi.org/10.1016/S0955-0674(01)00292- 7 Ereskovsky, A.V ., C. Borchiellini, E. Gazave, J. Ivanisevic, P. Lapébie, T. Perez,  E. Renard, and J. Vacelet.",OADS,/arxiv_data1/oa_pdf/74/cd/JCB_201408044.PMC4210436.pdf
"http://dx.doi.org/10.1016/   j.cub.2007.11.04 9 Fededa, J.P., and D.W. Gerlich.",OADS,/arxiv_data1/oa_pdf/74/cd/JCB_201408044.PMC4210436.pdf
"http://dx.doi.org/10.1038/ncb248 2 Fietz, S.A., I. Kelava, J. V ogt, M. Wilsch-Bräuninger, D. Stenzel, J.L.",Non-OADS,/arxiv_data1/oa_pdf/74/cd/JCB_201408044.PMC4210436.pdf
"http://dx.doi.org/10   .1038/nn.255 3 Fish, J.L., Y .",OADS,/arxiv_data1/oa_pdf/74/cd/JCB_201408044.PMC4210436.pdf
"http://dx.doi.org/   10.1073/pnas.060406610 3 Founounou, N., N. Loyer, and R. Le Borgne.",Non-OADS,/arxiv_data1/oa_pdf/74/cd/JCB_201408044.PMC4210436.pdf
"http://dx.doi.org/   10.1016/j.devcel.2013.01.00 8 Gibson, M.C., A.B.",OADS,/arxiv_data1/oa_pdf/74/cd/JCB_201408044.PMC4210436.pdf
442:1038– 1041. http://dx.doi.org/10.1038/nature0501 4,Non-OADS,/arxiv_data1/oa_pdf/74/cd/JCB_201408044.PMC4210436.pdf
"http://dx.doi.org/   10.1016/j.cell.2005.09.04 3 Siller, K.H., and C.Q.",OADS,/arxiv_data1/oa_pdf/74/cd/JCB_201408044.PMC4210436.pdf
"http://dx.doi.org/10.1038/ncb0409-36 5 Spear, P.C., and C.A.",Non-OADS,/arxiv_data1/oa_pdf/74/cd/JCB_201408044.PMC4210436.pdf
"http://dx.doi   .org/10.1016/j.ydbio.2012.06.03 1 Spear, P.C., and C.A.",OADS,/arxiv_data1/oa_pdf/74/cd/JCB_201408044.PMC4210436.pdf
http://dx.doi.org/10.1111/j.1440-169X.2012.01342.,Non-OADS,/arxiv_data1/oa_pdf/74/cd/JCB_201408044.PMC4210436.pdf
"http://dx.doi.org/10.1016/j.cell   .2010.05.01 1 Takeichi, M. 1991.",OADS,/arxiv_data1/oa_pdf/74/cd/JCB_201408044.PMC4210436.pdf
"http://dx.doi.org/10.1126/science.200641 9 Takeichi, M. 2011.",OADS,/arxiv_data1/oa_pdf/74/cd/JCB_201408044.PMC4210436.pdf
"http://dx.doi.org/10.1016/j.devcel.2011.06.00 2 Tanaka, T.U.",OADS,/arxiv_data1/oa_pdf/74/cd/JCB_201408044.PMC4210436.pdf
"http://dx.doi.org/10.1038/emboj   .2010.29 4 Tepass, U., G. Tanentzapf, R. Ward, and R. Fehon.",Non-OADS,/arxiv_data1/oa_pdf/74/cd/JCB_201408044.PMC4210436.pdf
"http://dx.doi.org/10.1016/j.ceb.2006.10.00 1 Théry, M., V .",OADS,/arxiv_data1/oa_pdf/74/cd/JCB_201408044.PMC4210436.pdf
"http://dx.doi.org/10.1038/ncb130 7 Théry, M., A. Jiménez-Dalmaroni, V .",Non-OADS,/arxiv_data1/oa_pdf/74/cd/JCB_201408044.PMC4210436.pdf
"http://dx.doi.org/10.1038/nature0578 6 Wakefield, J.G., S. Bonaccorsi, and M. Gatti.",Non-OADS,/arxiv_data1/oa_pdf/74/cd/JCB_201408044.PMC4210436.pdf
"http://dx.doi.org/10.1083/jcb   .153.4.63 7 Wang, S.W., F.J. Griffin, and W.H.",OADS,/arxiv_data1/oa_pdf/74/cd/JCB_201408044.PMC4210436.pdf
"http://dx.doi.org/10.1016/j.ceb.2013.08.00 3 Williams, S.E., S. Beronja, H.A.",OADS,/arxiv_data1/oa_pdf/74/cd/JCB_201408044.PMC4210436.pdf
"http://dx.doi.org/10.1038/nature0979 3 Wood, R.L.",Non-OADS,/arxiv_data1/oa_pdf/74/cd/JCB_201408044.PMC4210436.pdf
"http://dx.doi.org/10.1016/j.devcel.2012.01.00 2 Zheng, Z., H. Zhu, Q. Wan, J. Liu, Z. Xiao, D.P.",OADS,/arxiv_data1/oa_pdf/74/cd/JCB_201408044.PMC4210436.pdf
"http://dx.doi.org/10.1083/jcb.20091002 1Lancaster, O.M., M. Le Berre, A. Dimitracopoulos, D. Bonazzi, E. Zlotek- Zlotkiewicz, R. Picone, T. Duke, M. Piel, and B. Baum.",Non-OADS,/arxiv_data1/oa_pdf/74/cd/JCB_201408044.PMC4210436.pdf
"http://dx.doi.org/10.1016/j.devcel.2013.03.01 4 Lechler, T., and E. Fuchs.",OADS,/arxiv_data1/oa_pdf/74/cd/JCB_201408044.PMC4210436.pdf
"http://dx.doi.org/10.1242/dev.09087 8 Leung, L., A.V .",Non-OADS,/arxiv_data1/oa_pdf/74/cd/JCB_201408044.PMC4210436.pdf
"http://dx.doi.org/   10.1242/dev.07152 2 Machicoane, M., C.A.",Non-OADS,/arxiv_data1/oa_pdf/74/cd/JCB_201408044.PMC4210436.pdf
"http://dx.doi.org/10.1083/jcb.20140104 9 Mao, Y ., A.L.",Non-OADS,/arxiv_data1/oa_pdf/74/cd/JCB_201408044.PMC4210436.pdf
"http://dx.doi.org/   10.1038/emboj.2013.19 7 Meyer, E.J., A. Ikmi, and M.C.",OADS,/arxiv_data1/oa_pdf/74/cd/JCB_201408044.PMC4210436.pdf
"http://dx.doi.org/10.1016/j.cub.2011.02.00 2 Minc, N., D. Burgess, and F. Chang.",OADS,/arxiv_data1/oa_pdf/74/cd/JCB_201408044.PMC4210436.pdf
"http://dx.doi.org/10.1016/   j.cell.2011.01.01 6 Morais-de-Sá, E., and C. Sunkel.",OADS,/arxiv_data1/oa_pdf/74/cd/JCB_201408044.PMC4210436.pdf
"http://dx.doi.org/10.1038/embor.2013.8 5 Morin, X., and Y .",OADS,/arxiv_data1/oa_pdf/74/cd/JCB_201408044.PMC4210436.pdf
"21:102– 119. http://dx.doi.org/10.1016/j.devcel.2011.06.01 2 Morin, X., F. Jaouen, and P. Durbec.",OADS,/arxiv_data1/oa_pdf/74/cd/JCB_201408044.PMC4210436.pdf
"http://dx.doi.org/10.1038/nn198 4 Nakajima, Y ., E.J.",OADS,/arxiv_data1/oa_pdf/74/cd/JCB_201408044.PMC4210436.pdf
"http://dx.doi.org/10.1038/nature1233 5 Norden, C., S. Young, B.A.",OADS,/arxiv_data1/oa_pdf/74/cd/JCB_201408044.PMC4210436.pdf
"http://dx.doi.org/10.1016/j.cell.2009.06.03 2 Oshima, K., and R.G.",OADS,/arxiv_data1/oa_pdf/74/cd/JCB_201408044.PMC4210436.pdf
"124:2861– 2871. http://dx.doi.org/10.1242/jcs.08770 0 Papusheva, E., and C.P.",OADS,/arxiv_data1/oa_pdf/74/cd/JCB_201408044.PMC4210436.pdf
"http://dx.doi.org/10.1038/emboj.2010.18 2 Peyre, E., F. Jaouen, M. Saadaoui, L. Haren, A. Merdes, P. Durbec, and X.  Morin.",Non-OADS,/arxiv_data1/oa_pdf/74/cd/JCB_201408044.PMC4210436.pdf
"http://dx.doi.org/10.1083/jcb.20110103 9 Reinsch, S., and E. Karsenti.",OADS,/arxiv_data1/oa_pdf/74/cd/JCB_201408044.PMC4210436.pdf
"http://dx.doi.org/10.1083/jcb.126.6.150 9 Rhyu, M.S., and J.A.",OADS,/arxiv_data1/oa_pdf/74/cd/JCB_201408044.PMC4210436.pdf
"http://dx.doi.org/10.1016/0092-8674(95)90022- 5 Rodriguez-Boulan, E., G. Kreitzer, and A. Müsch.",OADS,/arxiv_data1/oa_pdf/74/cd/JCB_201408044.PMC4210436.pdf
"http://dx.doi.org/10.1038/ncb285 8 Saburi, S., I. Hester, E. Fischer, M. Pontoglio, V .",Non-OADS,/arxiv_data1/oa_pdf/74/cd/JCB_201408044.PMC4210436.pdf
"http://dx.doi.org/10.1038/ng.17 9 Saunders, R.D., M.C.",OADS,/arxiv_data1/oa_pdf/74/cd/JCB_201408044.PMC4210436.pdf
"http://dx.doi.org/10.1083/jcb.137.4.88 1 Seldin, L., N.D. Poulson, H.P .",OADS,/arxiv_data1/oa_pdf/74/cd/JCB_201408044.PMC4210436.pdf
http://dx.doi.org/10.1091/mbc.E13-05-027 7,Non-OADS,/arxiv_data1/oa_pdf/74/cd/JCB_201408044.PMC4210436.pdf
This article is distributed under the terms of an Attribution–Noncommercial–   Share Alike–No Mirror Sites license for the first six months after the publication date (see  http://www.rupress.org/terms).,Non-OADS,/arxiv_data1/oa_pdf/26/27/JCB_201405050.PMC4210437.pdf
"After six months it is available under a Creative Commons  License (Attribution–Noncommercial–Share Alike 3.0 Unported license, as described at  http://creativecommons.org/licenses/by-nc-sa/3.0/).THE JOURNAL OF CELL BIOLOGY",Non-OADS,/arxiv_data1/oa_pdf/26/27/JCB_201405050.PMC4210437.pdf
"http://dx.doi.org/10.1083/jcb.20130806 8 Berginski, M.E., and S.M.",OADS,/arxiv_data1/oa_pdf/26/27/JCB_201405050.PMC4210437.pdf
"http://dx.doi.org/10 .1083/   jcb.20110207 6 Bravo-Cordero, J.J., L. Hodgson, and J. Condeelis.",OADS,/arxiv_data1/oa_pdf/26/27/JCB_201405050.PMC4210437.pdf
"http://dx.doi.org/10.1016/j.ceb.2011.12.00 4distance from the cell edge was quantified from confocal images, which  were acquired during one sitting at identical laser intensities.",OADS,/arxiv_data1/oa_pdf/26/27/JCB_201405050.PMC4210437.pdf
"http://dx.doi.org/10   .1242/dev.07120 9 Liu, Y .",Non-OADS,/arxiv_data1/oa_pdf/26/27/JCB_201405050.PMC4210437.pdf
"http://dx.doi.org/10.1681/ASN   .200812122 6 Mavrakis, M., Y .",Non-OADS,/arxiv_data1/oa_pdf/26/27/JCB_201405050.PMC4210437.pdf
"http://dx.doi.org/10.1038/ncb292 1 Mostowy, S., and P. Cossart.",OADS,/arxiv_data1/oa_pdf/26/27/JCB_201405050.PMC4210437.pdf
"http://dx.doi.org/10.1083/jcb   .20110704 2 Parri, M., and P. Chiarugi.",OADS,/arxiv_data1/oa_pdf/26/27/JCB_201405050.PMC4210437.pdf
"8:23. http://dx.doi.org/10.1186/1478-   811X-8-2 3 Parsons, J.T., A.R.",Non-OADS,/arxiv_data1/oa_pdf/26/27/JCB_201405050.PMC4210437.pdf
"http://dx.doi.org/10.1038/nrm295 7 Raftopoulou, M., and A.",Non-OADS,/arxiv_data1/oa_pdf/26/27/JCB_201405050.PMC4210437.pdf
"http://dx.doi.org/10.1016/j.ydbio.2003.06.00 3 Roca-Cusachs, P., A. del Rio, E. Puklin-Faucher, N.C. Gauthier, N. Biais, and M.P.",OADS,/arxiv_data1/oa_pdf/26/27/JCB_201405050.PMC4210437.pdf
"5:43. http://dx.doi.org/10.1186/   1471-2121-5-4 3 Schober, M., S. Raghavan, M. Nikolova, L. Polak, H.A.",Non-OADS,/arxiv_data1/oa_pdf/26/27/JCB_201405050.PMC4210437.pdf
"http://dx.doi.org/10.1083/jcb.20060801 0 Schwartz, M.A.",Non-OADS,/arxiv_data1/oa_pdf/26/27/JCB_201405050.PMC4210437.pdf
"http://dx.doi.org/   10.1101/cshperspect.a00506 6 Sellin, M.E., L. Sandblad, S. Stenmark, and M. Gullberg.",OADS,/arxiv_data1/oa_pdf/26/27/JCB_201405050.PMC4210437.pdf
"http://dx.doi.org/10.1091/mbc.E11-03-025 3 Shinoda, T., H. Ito, K. Sudo, I. Iwamoto, R. Morishita, and K. Nagata.",OADS,/arxiv_data1/oa_pdf/26/27/JCB_201405050.PMC4210437.pdf
"http://dx.doi.org/10.1091/mbc   .E09-10-086 9 Spiliotis, E.T., M. Kinoshita, and W.J.",OADS,/arxiv_data1/oa_pdf/26/27/JCB_201405050.PMC4210437.pdf
"http://dx.doi.org/10.1126/science.110682 3 Stricker, J., Y .",OADS,/arxiv_data1/oa_pdf/26/27/JCB_201405050.PMC4210437.pdf
"http://dx.doi.org/10.1371/journal.pone.007065 2 Tada, T., A. Simonetta, M. Batterton, M. Kinoshita, D. Edbauer, and M. Sheng.",OADS,/arxiv_data1/oa_pdf/26/27/JCB_201405050.PMC4210437.pdf
"http://dx.doi.org/10   .1016/j.cub.2007.09.03 9 Thiery, J.P ., H. Acloque, R.Y .",OADS,/arxiv_data1/oa_pdf/26/27/JCB_201405050.PMC4210437.pdf
"http://dx.doi   .org/10.1016/j.cell.2009.11.00 7 Tooley, A.J., J. Gilden, J. Jacobelli, P. Beemiller, W.S.",OADS,/arxiv_data1/oa_pdf/26/27/JCB_201405050.PMC4210437.pdf
"http://dx.doi.org/10.1038/ncb180 8 Vicente-Manzanares, M., X. Ma, R.S.",Non-OADS,/arxiv_data1/oa_pdf/26/27/JCB_201405050.PMC4210437.pdf
"http://dx.doi.org/10.1038/   nrm278 6 Webb, D.J., K. Donais, L.A. Whitmore, S.M.",Non-OADS,/arxiv_data1/oa_pdf/26/27/JCB_201405050.PMC4210437.pdf
"http://dx.doi.org/10.1083/jcb.20010103 9Burridge, K., and E.S.",OADS,/arxiv_data1/oa_pdf/26/27/JCB_201405050.PMC4210437.pdf
"http://dx.doi.org/   10.1083/jcb.20121009 0 Chacko, A.D., P.L.",OADS,/arxiv_data1/oa_pdf/26/27/JCB_201405050.PMC4210437.pdf
"http://dx.doi.org/10.1038/ncb176 3 Connolly, D., I. Abdesselam, P. Verdier-Pinard, and C. Montagna.",Non-OADS,/arxiv_data1/oa_pdf/26/27/JCB_201405050.PMC4210437.pdf
"http://dx.doi.org/10   .1515/BC.2011.07 3 Connolly, D., Z. Yang, M. Castaldi, N. Simmons, M.H.",Non-OADS,/arxiv_data1/oa_pdf/26/27/JCB_201405050.PMC4210437.pdf
"http://dx.doi.org/   10.1186/bcr292 4 Craven, R.A., S. Hanrahan, N. Totty, P. Harnden, A.J.",Non-OADS,/arxiv_data1/oa_pdf/26/27/JCB_201405050.PMC4210437.pdf
"http://dx.doi.org/10.1002/pmic.20050081 1 De Craene, B., and G. Berx.",OADS,/arxiv_data1/oa_pdf/26/27/JCB_201405050.PMC4210437.pdf
"http://dx.doi   .org/10.1038/nrc169 5 de Rooij, J., A. Kerstens, G. Danuser, M.A.",OADS,/arxiv_data1/oa_pdf/26/27/JCB_201405050.PMC4210437.pdf
"http://dx.doi.org/10.1083/   jcb.20050615 2 Dolat, L., Q. Hu, and E.T.",OADS,/arxiv_data1/oa_pdf/26/27/JCB_201405050.PMC4210437.pdf
"http://dx.doi.org/10   .1515/hsz-2013-023 3 Dressler, G. 2002.",OADS,/arxiv_data1/oa_pdf/26/27/JCB_201405050.PMC4210437.pdf
"http://dx.doi.org/10.1016/S0962-8924(02)02334- 6 Friedl, P., and K. Wolf.",OADS,/arxiv_data1/oa_pdf/26/27/JCB_201405050.PMC4210437.pdf
"http://dx.doi.org/10.1083/jcb.20090900 3 Gardel, M.L., I.C.",OADS,/arxiv_data1/oa_pdf/26/27/JCB_201405050.PMC4210437.pdf
"http://dx.doi.org/10.1146/ annurev.cellbio.011209.12203 6 Geiger, B., and K.M.",OADS,/arxiv_data1/oa_pdf/26/27/JCB_201405050.PMC4210437.pdf
"http://dx.doi   .org/10.1101/cshperspect.a00503 3 Guarino, M., B. Rubino, and G. Ballabio.",Non-OADS,/arxiv_data1/oa_pdf/26/27/JCB_201405050.PMC4210437.pdf
"http://dx.doi.org/   10.1080/0031302070132991 4 Hu, Q., W.J.",Non-OADS,/arxiv_data1/oa_pdf/26/27/JCB_201405050.PMC4210437.pdf
"283:29563– 29571. http://dx.doi.org/10.1074/jbc.M80496220 0 Joo, E., M.C.",OADS,/arxiv_data1/oa_pdf/26/27/JCB_201405050.PMC4210437.pdf
"http://dx.doi.org/10.1016/j.devcel.2007.09.00 1 Kim, M.S., C.D.",OADS,/arxiv_data1/oa_pdf/26/27/JCB_201405050.PMC4210437.pdf
"http://dx.doi.org/10.1101/gad.11.12.153 5 Kinoshita, M., C.M.",OADS,/arxiv_data1/oa_pdf/26/27/JCB_201405050.PMC4210437.pdf
"http://dx.doi.org/10.1016/S1534-5807(02)00366- 0 Kremer, B.E., L.A. Adang, and I.G.",OADS,/arxiv_data1/oa_pdf/26/27/JCB_201405050.PMC4210437.pdf
"http://dx.doi.org/10.1016/j.cell   .2007.06.05 3 Leipe, D.D., Y .I.",OADS,/arxiv_data1/oa_pdf/26/27/JCB_201405050.PMC4210437.pdf
http://dx.doi.org/10.1006/jmbi.2001.537 8,Non-OADS,/arxiv_data1/oa_pdf/26/27/JCB_201405050.PMC4210437.pdf
"http://dx.doi.org/10.1083/jcb.20070105 8 Zaidel-Bar, R., R. Milo, Z. Kam, and B. Geiger.",OADS,/arxiv_data1/oa_pdf/26/27/JCB_201405050.PMC4210437.pdf
"http://dx.doi.org/10.1242/jcs.0331 4 Zegers, M.M., L.E.",OADS,/arxiv_data1/oa_pdf/26/27/JCB_201405050.PMC4210437.pdf
"http://dx.doi.org/10.1083/jcb   .20140406 7) show that the tumor suppressor LKB1 con - trols haptotaxis through the microtubule affinity-regulating  kinase (MARK) family, one of the many substrates of the  LKB1 master kinase.",Non-OADS,/arxiv_data1/oa_pdf/05/e5/JCB_201409107.PMC4210438.pdf
"Danen Division of Toxicology, Leiden Academic Centre for Drug Research, Leiden University, Leiden 2333CC, Netherlands © 2014 Danen  This article is distributed under the terms of an Attribution–Noncommercial– Share Alike–No Mirror Sites license for the first six months after the publication date (see  http://www.rupress.org/terms).",Non-OADS,/arxiv_data1/oa_pdf/05/e5/JCB_201409107.PMC4210438.pdf
"After six months it is available under a Creative Commons  License (Attribution–Noncommercial–Share Alike 3.0 Unported license, as described at  http://creativecommons.org/licenses/by-nc-sa/3.0/).THE JOURNAL OF CELL BIOLOGY",Non-OADS,/arxiv_data1/oa_pdf/05/e5/JCB_201409107.PMC4210438.pdf
"http://dx.doi.org/10.1016/S0092 ­8674(04)00114 ­X Chan, K.T., S.B.",OADS,/arxiv_data1/oa_pdf/05/e5/JCB_201409107.PMC4210438.pdf
"11:36. http://dx.doi.org/10.1186/ 1741­   7007­11­3 6 Hemminki, A., D. Markie, I. Tomlinson, E. Avizienyte, S. Roth, A. Loukola, G.  Bignell, W. Warren, M. Aminoff, P. Höglund, et al.",Non-OADS,/arxiv_data1/oa_pdf/05/e5/JCB_201409107.PMC4210438.pdf
"391:184– 187. http://dx.doi.org/10.1038/3443 2 Illenberger, S., G. Drewes, B. Trinczek, J. Biernat, H.E.",Non-OADS,/arxiv_data1/oa_pdf/05/e5/JCB_201409107.PMC4210438.pdf
"http://dx.doi.org/10.1074/jbc.271.18.1083 4 Jenne, D.E., H. Reimann, J. Nezu, W. Friedel, S. Loff, R. Jeschke, O. Müller, W.  Back, and M. Zimmer.",OADS,/arxiv_data1/oa_pdf/05/e5/JCB_201409107.PMC4210438.pdf
"http://dx.doi.org/10.1038/nature0603 0 Lee, J.H., H. Koh, M. Kim, Y. Kim, S.Y.",OADS,/arxiv_data1/oa_pdf/05/e5/JCB_201409107.PMC4210438.pdf
"http://dx.doi.org/10.1038/nature0582 8 Liu, W., K.B.",OADS,/arxiv_data1/oa_pdf/05/e5/JCB_201409107.PMC4210438.pdf
http://dx.doi   .org/10.1016/j.ccr.2012.03.04 8melanoma cell models the authors test how depletion or recon ­ stitution of LKB1 affects cell migration.,OADS,/arxiv_data1/oa_pdf/05/e5/JCB_201409107.PMC4210438.pdf
"http://dx.doi.org/   10.1158/1078­0432.CCR­10­136 0 Martin­Belmonte, F., and M. Perez­Moreno.",Non-OADS,/arxiv_data1/oa_pdf/05/e5/JCB_201409107.PMC4210438.pdf
"http://dx.doi.org/10.1016/j.febslet.2010.12.02 5 Nakano, A., H. Kato, T. Watanabe, K.D.",OADS,/arxiv_data1/oa_pdf/05/e5/JCB_201409107.PMC4210438.pdf
"http://dx.doi   .org/10.1126/scisignal.3111pe 8 Rowan, A., V. Bataille, R. MacKie, E. Healy, D. Bicknell, W. Bodmer, and I.  Tomlinson.",Non-OADS,/arxiv_data1/oa_pdf/05/e5/JCB_201409107.PMC4210438.pdf
112:509– 511. http://dx.doi.org/10.1046/j.1523­1747.1999.00551.,Non-OADS,/arxiv_data1/oa_pdf/05/e5/JCB_201409107.PMC4210438.pdf
"http://dx.doi.org/10.1126/science.116080 9 Zhang, L., J. Li, L.H.",OADS,/arxiv_data1/oa_pdf/05/e5/JCB_201409107.PMC4210438.pdf
This article is distributed under the terms of an Attribution–Noncommercial– Share Alike–No Mirror Sites license for the first six months after the publication date (see  http://www.rupress.org/terms).,Non-OADS,/arxiv_data1/oa_pdf/ee/a0/JCB_201404067.PMC4210439.pdf
"After six months it is available under a Creative Commons  License (Attribution–Noncommercial–Share Alike 3.0 Unported license, as described at  http://creativecommons.org/licenses/by-nc-sa/3.0/).THE JOURNAL OF CELL BIOLOGY",Non-OADS,/arxiv_data1/oa_pdf/ee/a0/JCB_201404067.PMC4210439.pdf
Online supplemental material is available at http://www.jcb   .org/cgi/content/full/jcb.201404067/DC 1.,Non-OADS,/arxiv_data1/oa_pdf/ee/a0/JCB_201404067.PMC4210439.pdf
"http://dx.doi.org/10.1016/j.cell.2013.05.02 1 DiMilla, P.A., J.A.",OADS,/arxiv_data1/oa_pdf/ee/a0/JCB_201404067.PMC4210439.pdf
"http://dx.doi.org/10.1083/jcb.122.3.72 9 Drewes, G., A. Ebneth, U. Preuss, E.M. Mandelkow, and E. Mandelkow.",Non-OADS,/arxiv_data1/oa_pdf/ee/a0/JCB_201404067.PMC4210439.pdf
"http://dx.doi.org/10.1016/S0092-8674(00)80208- 1 Friedl, P., and S. Alexander.",OADS,/arxiv_data1/oa_pdf/ee/a0/JCB_201404067.PMC4210439.pdf
"http://dx.doi.org/10.1016/   j.cell.2011.11.01 6 Goodman, S.L., G. Risse, and K. von der Mark.",OADS,/arxiv_data1/oa_pdf/ee/a0/JCB_201404067.PMC4210439.pdf
"http://dx.doi.org/10.1083/jcb.109.2.79 9 Goodwin, J.M., R.U.",OADS,/arxiv_data1/oa_pdf/ee/a0/JCB_201404067.PMC4210439.pdf
"http://dx.doi.org/10.1016/j.molcel.2014.06.02 1 Guldberg, P., P. thor Straten, V .",OADS,/arxiv_data1/oa_pdf/ee/a0/JCB_201404067.PMC4210439.pdf
"http://dx.doi   .org/10.1038/sj.onc.120248 6 Guo, S., and K.J.",OADS,/arxiv_data1/oa_pdf/ee/a0/JCB_201404067.PMC4210439.pdf
"http://dx.doi.org/10.1016/   0092-8674(95)90082- 9 Hanahan, D., and R.A. Weinberg.",OADS,/arxiv_data1/oa_pdf/ee/a0/JCB_201404067.PMC4210439.pdf
"100:57– 70. http://dx.doi.org/10.1016/S0092-8674(00)81683- 9 Hearle, N., V .",OADS,/arxiv_data1/oa_pdf/ee/a0/JCB_201404067.PMC4210439.pdf
"http://dx.doi.org/10.1158/1078-0432.CCR-06-008 3 Hemminki, A., D. Markie, I. Tomlinson, E. Avizienyte, S. Roth, A. Loukola,  G. Bignell, W. Warren, M. Aminoff, P. Höglund, et al.",OADS,/arxiv_data1/oa_pdf/ee/a0/JCB_201404067.PMC4210439.pdf
"http://dx.doi.org/10.1038/3443 2 Hezel, A.F., S. Gurumurthy, Z. Granot, A. Swisa, G.C.",Non-OADS,/arxiv_data1/oa_pdf/ee/a0/JCB_201404067.PMC4210439.pdf
"http://dx.doi.org/10.1128/MCB.01621-0 7 Hompland, T., A. Erikson, M. Lindgren, T. Lindmo, and C. de Lange Davies.",OADS,/arxiv_data1/oa_pdf/ee/a0/JCB_201404067.PMC4210439.pdf
"13:054050. http://dx.doi.org/10.1117/   1.298366 4 Houde, V .P., M.S.",Non-OADS,/arxiv_data1/oa_pdf/ee/a0/JCB_201404067.PMC4210439.pdf
"http://dx.doi.org/10.1042/BJ2013132 4 Illenberger, S., G. Drewes, B. Trinczek, J. Biernat, H.E.",Non-OADS,/arxiv_data1/oa_pdf/ee/a0/JCB_201404067.PMC4210439.pdf
"http://dx.doi.org/10.1074/jbc.271.18.1083 4 Jackson, E.L., N. Willis, K. Mercer, R.T. Bronson, D. Crowley, R. Montoya, T.  Jacks, and D.A.",Non-OADS,/arxiv_data1/oa_pdf/ee/a0/JCB_201404067.PMC4210439.pdf
"http://dx.doi.org/10.1101/gad.94300 1 Jeghers, H., V .A.",OADS,/arxiv_data1/oa_pdf/ee/a0/JCB_201404067.PMC4210439.pdf
"http://dx.doi   .org/10.1056/NEJM19491229241260 1 Ji, H., M.R.",OADS,/arxiv_data1/oa_pdf/ee/a0/JCB_201404067.PMC4210439.pdf
"http://dx.doi.org/10.1038/nature0603 0 Jonkers, J., R. Meuwissen, H. van der Gulden, H. Peterse, M. van der Valk, and  A. Berns.",OADS,/arxiv_data1/oa_pdf/ee/a0/JCB_201404067.PMC4210439.pdf
"http://dx.doi.org/10.1038/ng74 7 Kemphues, K.J., J.R. Priess, D.G.",OADS,/arxiv_data1/oa_pdf/ee/a0/JCB_201404067.PMC4210439.pdf
"http://dx.doi.org/10.1016/S0092-8674(88)80024- 2References Artym, V .V ., Y .",OADS,/arxiv_data1/oa_pdf/ee/a0/JCB_201404067.PMC4210439.pdf
"http://dx.doi   .org/10.1158/0008-5472.CAN-05-217 7 Asada, N., K. Sanada, and Y .",OADS,/arxiv_data1/oa_pdf/ee/a0/JCB_201404067.PMC4210439.pdf
"http://dx.doi.org/   10.1523/JNEUROSCI.1938-07.200 7 Baas, A.F., J. Kuipers, N.N.",OADS,/arxiv_data1/oa_pdf/ee/a0/JCB_201404067.PMC4210439.pdf
"http://dx.doi.org/10.1016/S0092-8674(04)00114- X Banerjee, S., S.J.",OADS,/arxiv_data1/oa_pdf/ee/a0/JCB_201404067.PMC4210439.pdf
"http://dx.doi.org/10   .1042/BJ2013115 2 Bardeesy, N., M. Sinha, A.F.",Non-OADS,/arxiv_data1/oa_pdf/ee/a0/JCB_201404067.PMC4210439.pdf
"http://dx.doi.org/10.1038/nature0104 5 Barnes, A.P., B.N.",OADS,/arxiv_data1/oa_pdf/ee/a0/JCB_201404067.PMC4210439.pdf
"http://dx.doi.org/10.1016/j.cell.2007.03.02 5 Bear, J.E., T.M.",OADS,/arxiv_data1/oa_pdf/ee/a0/JCB_201404067.PMC4210439.pdf
"http://dx.doi.org/10.1016/   S0092-8674(02)00731- 6 Berginski, M.E., S.J.",OADS,/arxiv_data1/oa_pdf/ee/a0/JCB_201404067.PMC4210439.pdf
"http://dx.doi.org/10.7717/peerj.46 2 Bosenberg, M., V .",OADS,/arxiv_data1/oa_pdf/ee/a0/JCB_201404067.PMC4210439.pdf
"http://dx.doi.org/10.1002/dvg.2020 5 Cai, L., T.W.",Non-OADS,/arxiv_data1/oa_pdf/ee/a0/JCB_201404067.PMC4210439.pdf
"http://dx.doi.org/10.1016/j.cell.2007.01.03 1 Cai, L., A.M. Makhov, D.A.",OADS,/arxiv_data1/oa_pdf/ee/a0/JCB_201404067.PMC4210439.pdf
"http://dx.doi.org/10.1016/j.cell.2008.06.05 4 Carretero, J., T. Shimamura, K. Rikova, A.L.",OADS,/arxiv_data1/oa_pdf/ee/a0/JCB_201404067.PMC4210439.pdf
"http://dx.doi.org/10.1016/j.ccr.2010.04.02 6 Chaffer, C.L., and R.A. Weinberg.",OADS,/arxiv_data1/oa_pdf/ee/a0/JCB_201404067.PMC4210439.pdf
"http://dx.doi.org/10.1126/science.120354 3 Chapin, S.J., C.M.",OADS,/arxiv_data1/oa_pdf/ee/a0/JCB_201404067.PMC4210439.pdf
"http://dx.doi.org/10.1021/bi00007a02 5 Chen, W.T.",Non-OADS,/arxiv_data1/oa_pdf/ee/a0/JCB_201404067.PMC4210439.pdf
"http://dx.doi.org/10.1002/jez.140251020 6 Cheng, H., P. Liu, Z.C.",OADS,/arxiv_data1/oa_pdf/ee/a0/JCB_201404067.PMC4210439.pdf
"http://dx.doi.org/10.1126/scisignal.200036 9 Chinnakkannu, P., V .",Non-OADS,/arxiv_data1/oa_pdf/ee/a0/JCB_201404067.PMC4210439.pdf
"http://dx.doi.org/10.1074/jbc.M110.12070 9 Collins, S.P., J.L.",Non-OADS,/arxiv_data1/oa_pdf/ee/a0/JCB_201404067.PMC4210439.pdf
"http://dx.doi.org/10.1042/0264-6021:345067 3 Contreras, C.M., S. Gurumurthy, J.M.",Non-OADS,/arxiv_data1/oa_pdf/ee/a0/JCB_201404067.PMC4210439.pdf
http://dx.doi.org/   10.1158/0008-5472.CAN-07-501 4,Non-OADS,/arxiv_data1/oa_pdf/ee/a0/JCB_201404067.PMC4210439.pdf
"http://dx.doi.org/10   .1136/jmg.38.6.35 6 Ou, W., S. Ye, W. Yang, Y. Wang, Q. Ma, C. Yu, H. Shi, Z. Yuan, G. Zhong,  J. Ren, et al.",OADS,/arxiv_data1/oa_pdf/ee/a0/JCB_201404067.PMC4210439.pdf
"19:489– 498. http://dx.doi.org/10.1038/cgt.2012.1 8 Partanen, J.I., T.A.",OADS,/arxiv_data1/oa_pdf/ee/a0/JCB_201404067.PMC4210439.pdf
"http://dx.doi.org/10.1093/   nar/29.9.e4 5 Ridley, A.J., M.A.",Non-OADS,/arxiv_data1/oa_pdf/ee/a0/JCB_201404067.PMC4210439.pdf
"http://dx.doi.org/   10.1126/science.109205 3 Rodríguez-Fraticelli, A.E., M. Auzan, M.A.",Non-OADS,/arxiv_data1/oa_pdf/ee/a0/JCB_201404067.PMC4210439.pdf
"http://dx.doi.org/10.1083/jcb.20120307 5 Rowan, A., V .",Non-OADS,/arxiv_data1/oa_pdf/ee/a0/JCB_201404067.PMC4210439.pdf
112:509– 511. http://dx.doi.org/10.1046/j.1523-1747.1999.00551.,Non-OADS,/arxiv_data1/oa_pdf/ee/a0/JCB_201404067.PMC4210439.pdf
"http://dx.doi.org/10.1523/JNEUROSCI.0911-08.200 8 Sapkota, G.P., A. Kieloch, J.M.",OADS,/arxiv_data1/oa_pdf/ee/a0/JCB_201404067.PMC4210439.pdf
"http://dx.doi.org/10.1074/jbc.M00995320 0 Shamloo, A., N. Ma, M.M.",OADS,/arxiv_data1/oa_pdf/ee/a0/JCB_201404067.PMC4210439.pdf
"http://dx.doi.org/10.1039/b719788 h Shaw, R.J., N. Bardeesy, B.D.",Non-OADS,/arxiv_data1/oa_pdf/ee/a0/JCB_201404067.PMC4210439.pdf
"http://dx.doi.org/10.1016/   j.ccr.2004.06.00 7 Shaw, R.J., M. Kosmatka, N. Bardeesy, R.L.",OADS,/arxiv_data1/oa_pdf/ee/a0/JCB_201404067.PMC4210439.pdf
"http://dx.doi.org/   10.1073/pnas.030806110 0 Shelly, M., L. Cancedda, S. Heilshorn, G. Sumbre, and M.M.",OADS,/arxiv_data1/oa_pdf/ee/a0/JCB_201404067.PMC4210439.pdf
"http://dx.doi.org/10.1016/j.cell.2007.04.01 2 Su, G.H., R.H. Hruban, R.K. Bansal, G.S.",OADS,/arxiv_data1/oa_pdf/ee/a0/JCB_201404067.PMC4210439.pdf
"http://dx.doi.org/10   .1074/jbc.M111.25786 5 Timmins, N.E., and L.K.",OADS,/arxiv_data1/oa_pdf/ee/a0/JCB_201404067.PMC4210439.pdf
"http://dx.doi.org/10.1007/978-1-59745-443-8_ 8 Trapnell, C., L. Pachter, and S.L.",Non-OADS,/arxiv_data1/oa_pdf/ee/a0/JCB_201404067.PMC4210439.pdf
"http://dx.doi.org/   10.1093/bioinformatics/btp12 0 Watts, J.L., D.G.",OADS,/arxiv_data1/oa_pdf/ee/a0/JCB_201404067.PMC4210439.pdf
"http://dx.doi.org/10.1002/   hed.2163 8 Lim, W., N. Hearle, B. Shah, V .",OADS,/arxiv_data1/oa_pdf/ee/a0/JCB_201404067.PMC4210439.pdf
"http://dx.doi.org/10.1038/sj.bjc.660103 0 Liu, S., Y .",OADS,/arxiv_data1/oa_pdf/ee/a0/JCB_201404067.PMC4210439.pdf
"http://dx.doi.org/10.1097/PAI.0b013e31826b128 b Liu, W., K.B.",Non-OADS,/arxiv_data1/oa_pdf/ee/a0/JCB_201404067.PMC4210439.pdf
"http://dx.doi.org/10   .1016/j.ccr.2012.03.04 8 Lizcano, J.M., O. Göransson, R. Toth, M. Deak, N.A.",OADS,/arxiv_data1/oa_pdf/ee/a0/JCB_201404067.PMC4210439.pdf
"http://dx.doi.org/10   .1038/sj.emboj.760011 0 Lo, B., G. Strasser, M. Sagolla, C.D.",OADS,/arxiv_data1/oa_pdf/ee/a0/JCB_201404067.PMC4210439.pdf
"http://dx.doi   .org/10.1083/jcb.20120808 0 Lucas, E.P., I. Khanal, P. Gaspar, G.C.",Non-OADS,/arxiv_data1/oa_pdf/ee/a0/JCB_201404067.PMC4210439.pdf
"http://dx.doi.org/10.1083/jcb.20121007 3 Magdalena, J., T.H.",Non-OADS,/arxiv_data1/oa_pdf/ee/a0/JCB_201404067.PMC4210439.pdf
"http://dx.doi.org/10.1242/jcs.0028 8 Marcus, A.I., and W. Zhou.",Non-OADS,/arxiv_data1/oa_pdf/ee/a0/JCB_201404067.PMC4210439.pdf
"http://dx.doi.org/   10.1097/JTO.0b013e3181fbc28 a Martin, S.G., and D. St Johnston.",Non-OADS,/arxiv_data1/oa_pdf/ee/a0/JCB_201404067.PMC4210439.pdf
"http://dx.doi.org/10.1038/nature0129 6 Marx, A., C. Nugoor, S. Panneerselvam, and E. Mandelkow.",Non-OADS,/arxiv_data1/oa_pdf/ee/a0/JCB_201404067.PMC4210439.pdf
"http://dx.doi.org/10.1002/path.259 9 Mejia-Gervacio, S., K. Murray, T. Sapir, R. Belvindrah, O. Reiner, and P.M.  Lledo.",Non-OADS,/arxiv_data1/oa_pdf/ee/a0/JCB_201404067.PMC4210439.pdf
http://dx.doi.org/10.1111/j.1349-7006.2009.01284.,Non-OADS,/arxiv_data1/oa_pdf/ee/a0/JCB_201404067.PMC4210439.pdf
"http://dx.doi.org/10.1038/ncb288 4 Monahan, K.B., G.I.",OADS,/arxiv_data1/oa_pdf/ee/a0/JCB_201404067.PMC4210439.pdf
"29:5809– 5817. http://dx.doi.org/10.1038/onc.2010.31 4 Monypenny, J., D. Zicha, C. Higashida, F. Oceguera-Yanez, S. Narumiya, and  N. Watanabe.",OADS,/arxiv_data1/oa_pdf/ee/a0/JCB_201404067.PMC4210439.pdf
"29:2730– 2747. http://dx.doi.org/10.1128/MCB.01285-0 8 Mortazavi, A., B.A.",Non-OADS,/arxiv_data1/oa_pdf/ee/a0/JCB_201404067.PMC4210439.pdf
"http://dx.doi.org/10.1038/nmeth.122 6 Nguyen, H.B., J.T.",OADS,/arxiv_data1/oa_pdf/ee/a0/JCB_201404067.PMC4210439.pdf
"http://dx.doi.org/10.1038/onc.2012.43 1 Olschwang, S., C. Boisson, and G. Thomas.",Non-OADS,/arxiv_data1/oa_pdf/ee/a0/JCB_201404067.PMC4210439.pdf
"http://dx.doi.org/10.1371/journal.pone.000513 7 Wu, C., S.B.",OADS,/arxiv_data1/oa_pdf/ee/a0/JCB_201404067.PMC4210439.pdf
"http://dx.doi.org/10.1016/j.cell.2011.12.03 4 Xu, J., F. Wang, A.",OADS,/arxiv_data1/oa_pdf/ee/a0/JCB_201404067.PMC4210439.pdf
"http://dx.doi.org/10   .1073/pnas.050210610 2 Yamaguchi, H., M. Lorenz, S. Kempiak, C. Sarmiento, S. Coniglio, M. Symons,  J. Segall, R. Eddy, H. Miki, T. Takenawa, and J. Condeelis.",OADS,/arxiv_data1/oa_pdf/ee/a0/JCB_201404067.PMC4210439.pdf
"http://dx.doi.org/10.1083/jcb.20040707 6 Yamahashi, Y ., Y .",OADS,/arxiv_data1/oa_pdf/ee/a0/JCB_201404067.PMC4210439.pdf
"286:44576– 44584. http://dx.doi.org/10.1074/jbc.M111.26702 1 Zagórska, A., M. Deak, D.G.",OADS,/arxiv_data1/oa_pdf/ee/a0/JCB_201404067.PMC4210439.pdf
http://dx.doi.org/10.1126/scisignal.200061 6,Non-OADS,/arxiv_data1/oa_pdf/ee/a0/JCB_201404067.PMC4210439.pdf
"Together, these findings are shedding light on  how global cues integrate with local cell interactions to  organize cellular polarity at the tissue level.Cell biology in development The cell biology of planar cell polarity Danelle Devenport Department of Molecular Biology, Princeton University, Princeton, NJ 08544 © 2014 Devenport  This article is distributed under the terms of an Attribution–Noncommercial–   Share Alike–No Mirror Sites license for the first six months after the publication date (see  http://www.rupress.org/terms).",Non-OADS,/arxiv_data1/oa_pdf/c7/26/JCB_201408039.PMC4210441.pdf
"After six months it is available under a Creative Commons  License (Attribution–Noncommercial–Share Alike 3.0 Unported license, as described at  http://creativecommons.org/licenses/by-nc-sa/3.0/).THE JOURNAL OF CELL BIOLOGY",Non-OADS,/arxiv_data1/oa_pdf/c7/26/JCB_201408039.PMC4210441.pdf
"http://dx.doi.org/10.1016/j.cub.2005.07.06 2 Bastock, R., H. Strutt, and D. Strutt.",OADS,/arxiv_data1/oa_pdf/c7/26/JCB_201408039.PMC4210441.pdf
"http://dx.doi.org/10   .1242/dev.0052 6 Borovina, A., S. Superina, D. V oskas, and B. Ciruna.",OADS,/arxiv_data1/oa_pdf/c7/26/JCB_201408039.PMC4210441.pdf
"http://dx.doi.org/10.1038/ncb204 2 Bosveld, F., I. Bonnet, B. Guirao, S. Tlili, Z. Wang, A. Petitalot, R. Marchand, P.L.",Non-OADS,/arxiv_data1/oa_pdf/c7/26/JCB_201408039.PMC4210441.pdf
"http://dx.doi.org/10.1126/science.122107 1 Brittle, A.L., A. Repiso, J. Casal, P.A.",OADS,/arxiv_data1/oa_pdf/c7/26/JCB_201408039.PMC4210441.pdf
"http://dx.doi.org/10.1016/   j.cub.2010.03.05 6 Brittle, A., C. Thomas, and D. Strutt.",OADS,/arxiv_data1/oa_pdf/c7/26/JCB_201408039.PMC4210441.pdf
"http://dx.doi.org/10.1016/j.cub.2012.03.05 3 Carreira-Barbosa, F., M.L.",OADS,/arxiv_data1/oa_pdf/c7/26/JCB_201408039.PMC4210441.pdf
"http://dx.doi.org/10.1242/   dev.0264 1 Chen, W.S., D. Antic, M. Matis, C.Y .",OADS,/arxiv_data1/oa_pdf/c7/26/JCB_201408039.PMC4210441.pdf
"http://dx.doi.org/10.1016/j.cell.2008.04.04 8 Ciruna, B., A. Jenny, D. Lee, M. Mlodzik, and A.F.",OADS,/arxiv_data1/oa_pdf/c7/26/JCB_201408039.PMC4210441.pdf
"http://dx.doi.org/10.1038/nature0437 5 Copley, C.O., J.S.",OADS,/arxiv_data1/oa_pdf/c7/26/JCB_201408039.PMC4210441.pdf
"http://dx.doi.org/10.1523/   JNEUROSCI.1307-13.201 3 Curtin, J.A., E. Quint, V .",Non-OADS,/arxiv_data1/oa_pdf/c7/26/JCB_201408039.PMC4210441.pdf
"http://dx.doi.org/10   .1016/S0960-9822(03)00374- 9 Das, G., A. Jenny, T.J. Klein, S. Eaton, and M. Mlodzik.",OADS,/arxiv_data1/oa_pdf/c7/26/JCB_201408039.PMC4210441.pdf
"http://dx.doi.org/10.1242/dev   .0131 7 Deans, M.R., D. Antic, K. Suyama, M.P.",Non-OADS,/arxiv_data1/oa_pdf/c7/26/JCB_201408039.PMC4210441.pdf
"http://dx.doi.org/10.1523/JNEUROSCI.5151-06.200 7 Devenport, D., and E. Fuchs.",OADS,/arxiv_data1/oa_pdf/c7/26/JCB_201408039.PMC4210441.pdf
"http://dx.doi.org/10.1038/ncb178 4 Devenport, D., D. Oristian, E. Heller, and E. Fuchs.",Non-OADS,/arxiv_data1/oa_pdf/c7/26/JCB_201408039.PMC4210441.pdf
"http://dx.doi.org/10.1038/ncb228 4 Ezan, J., L. Lasvaux, A. Gezer, A. Novakovic, H. May-Simera, E. Belotti, A.C.  Lhoumeau, L. Birnbaumer, S. Beer-Hammer, J.P. Borg, et al.",Non-OADS,/arxiv_data1/oa_pdf/c7/26/JCB_201408039.PMC4210441.pdf
"http://dx.doi.org/10   .1038/ncb281 9 Feiguin, F., M. Hannus, M. Mlodzik, and S. Eaton.",Non-OADS,/arxiv_data1/oa_pdf/c7/26/JCB_201408039.PMC4210441.pdf
"http://dx.doi.org/10.1016/S1534-5807(01)00010- 7 Gao, B., H. Song, K. Bishop, G. Elliot, L. Garrett, M.A.",OADS,/arxiv_data1/oa_pdf/c7/26/JCB_201408039.PMC4210441.pdf
"http://dx.doi.org/10.1016/j.devcel.2011.01.00 1 Gault, W.J., P. Olguin, U. Weber, and M. Mlodzik.",OADS,/arxiv_data1/oa_pdf/c7/26/JCB_201408039.PMC4210441.pdf
"http://dx.doi.org/10.1083/   jcb.20110713 7 Gong, Y ., C. Mo, and S.E.",OADS,/arxiv_data1/oa_pdf/c7/26/JCB_201408039.PMC4210441.pdf
"430:689– 693. http://dx.doi.org/10.1038/nature0279 6(Ezan et al., 2013; Tarchini et al., 2013).",OADS,/arxiv_data1/oa_pdf/c7/26/JCB_201408039.PMC4210441.pdf
"http://dx.doi.org/10.1016/j.cub.2004.11.00 7 Aigouy, B., R. Farhadifar, D.B.",OADS,/arxiv_data1/oa_pdf/c7/26/JCB_201408039.PMC4210441.pdf
"http://dx.doi.org/   10.1016/j.cell.2010.07.04 2 Ambegaonkar, A.A., G. Pan, M. Mani, Y. Feng, and K.D.",OADS,/arxiv_data1/oa_pdf/c7/26/JCB_201408039.PMC4210441.pdf
"22:1302– 1308. http://dx.doi.org/10.1016/j.cub.2012.05.04 9 Antic, D., J.L.",OADS,/arxiv_data1/oa_pdf/c7/26/JCB_201408039.PMC4210441.pdf
"http://dx.doi.org/10.1371/journal.pone.000899 9 Axelrod, J.D.",Non-OADS,/arxiv_data1/oa_pdf/c7/26/JCB_201408039.PMC4210441.pdf
http://dx.doi.org/10.1016/   j.celrep.2014.06.00 9,OADS,/arxiv_data1/oa_pdf/c7/26/JCB_201408039.PMC4210441.pdf
"http://dx.doi.org/10.7554/eLife.0289 3 Merkel, M., A. Sagner, F.S.",OADS,/arxiv_data1/oa_pdf/c7/26/JCB_201408039.PMC4210441.pdf
"http://dx.doi.org/10.1016/j.cub.2014.08.00 5 Montcouquiol, M., R.A. Rachel, P.J.",OADS,/arxiv_data1/oa_pdf/c7/26/JCB_201408039.PMC4210441.pdf
"http://dx.doi.org/10   .1038/nature0161 8 Montcouquiol, M., N. Sans, D. Huss, J. Kach, J.D.",OADS,/arxiv_data1/oa_pdf/c7/26/JCB_201408039.PMC4210441.pdf
"http://dx.doi.org/10   .1523/JNEUROSCI.4680-05.200 6 Murdoch, J.N., K. Doudney, C. Paternotte, A.J.",Non-OADS,/arxiv_data1/oa_pdf/c7/26/JCB_201408039.PMC4210441.pdf
"http://dx.doi.org/10.1093/hmg/10.22.259 3 Narimatsu, M., R. Bose, M. Pye, L. Zhang, B. Miller, P. Ching, R. Sakuma, V .",OADS,/arxiv_data1/oa_pdf/c7/26/JCB_201408039.PMC4210441.pdf
"http://dx.doi.org/10   .1016/j.cell.2009.02.02 5 Nishimura, T., H. Honda, and M. Takeichi.",OADS,/arxiv_data1/oa_pdf/c7/26/JCB_201408039.PMC4210441.pdf
"http://dx.doi.org/   10.1242/dev.10593 2 Qian, D., C. Jones, A. Rzadzinska, S. Mark, X. Zhang, K.P.",Non-OADS,/arxiv_data1/oa_pdf/c7/26/JCB_201408039.PMC4210441.pdf
"http://dx.doi.org/10.1016/j.ydbio.2007.03.01 1 Sagner, A., M. Merkel, B. Aigouy, J. Gaebel, M. Brankatschk, F. Jülicher, and  S. Eaton.",OADS,/arxiv_data1/oa_pdf/c7/26/JCB_201408039.PMC4210441.pdf
"http://dx.doi.org/10.1016/j.cub.2012.04.06 6 Ségalen, M., C.A.",OADS,/arxiv_data1/oa_pdf/c7/26/JCB_201408039.PMC4210441.pdf
"http://dx.doi.org/10   .1016/j.devcel.2010.10.00 4 Sepich, D.S., M. Usmani, S. Pawlicki, and L. Solnica-Krezel.",OADS,/arxiv_data1/oa_pdf/c7/26/JCB_201408039.PMC4210441.pdf
"11:859– 863. http://dx.doi.org/10.1016/S0960-9822(01)00233- 0 Shimada, Y ., S. Yonemura, H. Ohkura, D. Strutt, and T. Uemura.",OADS,/arxiv_data1/oa_pdf/c7/26/JCB_201408039.PMC4210441.pdf
"http://dx.doi.org/   10.1016/j.devcel.2005.11.01 6 Shindo, A., and J.B. Wallingford.",OADS,/arxiv_data1/oa_pdf/c7/26/JCB_201408039.PMC4210441.pdf
"http://dx.doi.org/10.1126/science.124312 6 Simon, M.A., A. Xu, H.O.",OADS,/arxiv_data1/oa_pdf/c7/26/JCB_201408039.PMC4210441.pdf
"http://dx.doi.org/10.1016/j.cub.2010.04.01 6 Song, H., J. Hu, W. Chen, G. Elliott, P. Andre, B. Gao, and Y .",OADS,/arxiv_data1/oa_pdf/c7/26/JCB_201408039.PMC4210441.pdf
"http://dx.doi.org/10.1038/nature0912 9 Struhl, G., J. Casal, and P.A.",OADS,/arxiv_data1/oa_pdf/c7/26/JCB_201408039.PMC4210441.pdf
"http://dx.doi.org/10.1242/dev.08355 0 Strutt, D.I.",Non-OADS,/arxiv_data1/oa_pdf/c7/26/JCB_201408039.PMC4210441.pdf
"http://dx.doi   .org/10.1016/S1097-2765(01)00184- 8 Strutt, H., and D. Strutt.",OADS,/arxiv_data1/oa_pdf/c7/26/JCB_201408039.PMC4210441.pdf
"http://dx.doi.org/10.1016/j.cub.2008.08.06 3 Strutt, H., and D. Strutt.",OADS,/arxiv_data1/oa_pdf/c7/26/JCB_201408039.PMC4210441.pdf
"http://dx.doi.org/10.1016/j.semcdb.2009.03.00 6Goodrich, L.V ., and D. Strutt.",OADS,/arxiv_data1/oa_pdf/c7/26/JCB_201408039.PMC4210441.pdf
"http://dx.doi.org/10.1242/dev   .05408 0 Goto, T., and R. Keller.",OADS,/arxiv_data1/oa_pdf/c7/26/JCB_201408039.PMC4210441.pdf
"http://dx.doi.org/10.1006/dbio.2002.067 3 Guo, N., C. Hawkins, and J. Nathans.",OADS,/arxiv_data1/oa_pdf/c7/26/JCB_201408039.PMC4210441.pdf
"http://dx.doi.org/10   .1073/pnas.040280210 1 Guo, Y ., G. Zanetti, and R. Schekman.",OADS,/arxiv_data1/oa_pdf/c7/26/JCB_201408039.PMC4210441.pdf
"19:389– 401. http://dx.doi.org/10.1016/j.devcel.2010.08.00 4 Hashimoto, M., K. Shinohara, J. Wang, S. Ikeuchi, S. Yoshiba, C. Meno, S.  Nonaka, S. Takada, K. Hatta, A. Wynshaw-Boris, and H. Hamada.",OADS,/arxiv_data1/oa_pdf/c7/26/JCB_201408039.PMC4210441.pdf
"http://dx.doi.org/10.1038/ncb202 0 Heisenberg, C.P., M. Tada, G.J.",Non-OADS,/arxiv_data1/oa_pdf/c7/26/JCB_201408039.PMC4210441.pdf
"http://dx.doi.org/10.1038/3501106 8 Ishikawa, H.O., H. Takeuchi, R.S.",OADS,/arxiv_data1/oa_pdf/c7/26/JCB_201408039.PMC4210441.pdf
"http://dx.doi.org/10.1126/science.115815 9 Jenny, A., R.S.",Non-OADS,/arxiv_data1/oa_pdf/c7/26/JCB_201408039.PMC4210441.pdf
"http://dx.doi.org/10   .1093/emboj/cdg42 4 Jenny, A., J. Reynolds-Kenneally, G. Das, M. Burnett, and M. Mlodzik.",Non-OADS,/arxiv_data1/oa_pdf/c7/26/JCB_201408039.PMC4210441.pdf
"http://dx.doi.org/10.1126/science   .107947 8 Kibar, Z., K.J.",OADS,/arxiv_data1/oa_pdf/c7/26/JCB_201408039.PMC4210441.pdf
"http://dx.doi.org/10.1038/9008 1 Kilian, B., H. Mansukoski, F.C.",Non-OADS,/arxiv_data1/oa_pdf/c7/26/JCB_201408039.PMC4210441.pdf
"http://dx.doi.org/10   .1016/S0925-4773(03)00004- 2 Kim, S.K., A. Shindo, T.J. Park, E.C.",OADS,/arxiv_data1/oa_pdf/c7/26/JCB_201408039.PMC4210441.pdf
"http://dx.doi.org/   10.1126/science.119118 4 Lawrence, P.A., J. Casal, and G. Struhl.",OADS,/arxiv_data1/oa_pdf/c7/26/JCB_201408039.PMC4210441.pdf
"http://dx.doi.org/   10.1038/nature0136 6 Mao, Y ., A.L.",OADS,/arxiv_data1/oa_pdf/c7/26/JCB_201408039.PMC4210441.pdf
"http://dx.doi.org/10.1101/   gad.61051 1 Matakatsu, H., and S.S. Blair.",OADS,/arxiv_data1/oa_pdf/c7/26/JCB_201408039.PMC4210441.pdf
"http://dx.doi.org/10.1242/dev.0125 4 Matakatsu, H., and S.S. Blair.",OADS,/arxiv_data1/oa_pdf/c7/26/JCB_201408039.PMC4210441.pdf
"133:2315– 2324. http://dx.doi.org/10.1242/dev.0240 1 Matis, M., and J.D.",OADS,/arxiv_data1/oa_pdf/c7/26/JCB_201408039.PMC4210441.pdf
http://dx.doi.org/10.1101/gad.228098.11 3,Non-OADS,/arxiv_data1/oa_pdf/c7/26/JCB_201408039.PMC4210441.pdf
"http://dx.doi.org/10.1016/S0092-8674(02)00658- X Yates, L.L., C. Schnatwinkel, J.N.",OADS,/arxiv_data1/oa_pdf/c7/26/JCB_201408039.PMC4210441.pdf
"http://dx.doi.org/10   .1093/hmg/ddq10 4 Yin, C., M. Kiskowski, P.A.",OADS,/arxiv_data1/oa_pdf/c7/26/JCB_201408039.PMC4210441.pdf
"http://dx.doi.org/10.1083/jcb.20070415 0Strutt, D., and S.J.",OADS,/arxiv_data1/oa_pdf/c7/26/JCB_201408039.PMC4210441.pdf
"http://dx.doi.org/10.1242/dev.02520 5 Strutt, H., S.J.",Non-OADS,/arxiv_data1/oa_pdf/c7/26/JCB_201408039.PMC4210441.pdf
"http://dx.doi.org/10.1016/j.devcel.2011.03.01 8 Strutt, H., E. Searle, V .",OADS,/arxiv_data1/oa_pdf/c7/26/JCB_201408039.PMC4210441.pdf
"140:1693– 1702. http://dx.doi.org/10.1242/dev.08965 6 Strutt, H., V .",Non-OADS,/arxiv_data1/oa_pdf/c7/26/JCB_201408039.PMC4210441.pdf
"http://dx.doi.org/10.1016/j.devcel.2013.09.01 1 Thomas, C., and D. Strutt.",OADS,/arxiv_data1/oa_pdf/c7/26/JCB_201408039.PMC4210441.pdf
"http://dx.doi.org/10.1038/nn.255 5 Tree, D.R., J.M.",OADS,/arxiv_data1/oa_pdf/c7/26/JCB_201408039.PMC4210441.pdf
"http://dx.doi.org/10   .1016/S0092-8674(02)00715- 8 Usui, T., Y .",OADS,/arxiv_data1/oa_pdf/c7/26/JCB_201408039.PMC4210441.pdf
"http://dx.doi.org/10.1016/S0092-8674(00)80046- X Vladar, E.K., R.D.",OADS,/arxiv_data1/oa_pdf/c7/26/JCB_201408039.PMC4210441.pdf
"http://dx.doi.org/10.1016/j.cub.2012.09.04 6 Wallingford, J.B., B.A.",OADS,/arxiv_data1/oa_pdf/c7/26/JCB_201408039.PMC4210441.pdf
"http://dx.doi.org/10.1038/3501107 7 Wang, J., S. Mark, X. Zhang, D. Qian, S.J.",Non-OADS,/arxiv_data1/oa_pdf/c7/26/JCB_201408039.PMC4210441.pdf
"http://dx.doi.org/10   .1038/ng162 2 Wang, J., N.S.",OADS,/arxiv_data1/oa_pdf/c7/26/JCB_201408039.PMC4210441.pdf
"133:1767– 1778. http://dx.doi.org/10.1242/dev.0234 7 Wang, Y ., N. Guo, and J. Nathans.",Non-OADS,/arxiv_data1/oa_pdf/c7/26/JCB_201408039.PMC4210441.pdf
"http://dx.doi.org/10.1523/JNEUROSCI   .4698-05.200 5 Winter, C.G., B. Wang, A. Ballew, A. Royou, R. Karess, J.D.",Non-OADS,/arxiv_data1/oa_pdf/c7/26/JCB_201408039.PMC4210441.pdf
"http://dx.doi.org/10.1016/S0092-8674(01)00298- 7 Wong, L.L., and P.N.",OADS,/arxiv_data1/oa_pdf/c7/26/JCB_201408039.PMC4210441.pdf
"http://dx.doi.org/10.1083/jcb.123.1.20 9 Wu, J., and M. Mlodzik.",OADS,/arxiv_data1/oa_pdf/c7/26/JCB_201408039.PMC4210441.pdf
"http://dx.doi.org/10.1016/j.devcel.2008.08.00 4 Wu, J., A.C. Roman, J.M.",OADS,/arxiv_data1/oa_pdf/c7/26/JCB_201408039.PMC4210441.pdf
"http://dx.doi.org/10   .1038/ncb280 6 Yan, J., D. Huen, T. Morely, G. Johnson, D. Gubb, J. Roote, and P.N.",OADS,/arxiv_data1/oa_pdf/c7/26/JCB_201408039.PMC4210441.pdf
"http://dx.doi.org/10.1534/genetics.108.09131 4 Yan, J., Q. Lu, X. Fang, and P.N.",OADS,/arxiv_data1/oa_pdf/c7/26/JCB_201408039.PMC4210441.pdf
http://dx.doi   .org/10.1016/ j.ydbio.2009.06.02 7,OADS,/arxiv_data1/oa_pdf/c7/26/JCB_201408039.PMC4210441.pdf
This article is distributed under the terms of an Attribution– Noncommercial–Share Alike–No Mirror Sites license for the first six months after the pub - lication date (see http://www.rupress.org/terms).,Non-OADS,/arxiv_data1/oa_pdf/e5/e9/JCB_201402006.PMC4210443.pdf
"After six months it is available under a  Creative Commons License (Attribution–Noncommercial–Share Alike 3.0 Unported license,  as described at http://creativecommons.org/licenses/by-nc-sa/3.0/).THE JOURNAL OF CELL BIOLOGY",Non-OADS,/arxiv_data1/oa_pdf/e5/e9/JCB_201402006.PMC4210443.pdf
Online supplemental material is available at  http://www.jcb.org/cgi/content/full/jcb.201402006/DC1.,Non-OADS,/arxiv_data1/oa_pdf/e5/e9/JCB_201402006.PMC4210443.pdf
"http://dx.doi.org/10.1006/abio.1994.104 2 Annes, J.P., Y. Chen, J.S.",OADS,/arxiv_data1/oa_pdf/e5/e9/JCB_201402006.PMC4210443.pdf
"http://dx.doi.org/10.1083/jcb.20031217 2 Baldwin, A.K., A. Simpson, R. Steer, S.A. Cain, and C.M.",Non-OADS,/arxiv_data1/oa_pdf/e5/e9/JCB_201402006.PMC4210443.pdf
http://dx.doi   .org/10.1017/erm.2013.,Non-OADS,/arxiv_data1/oa_pdf/e5/e9/JCB_201402006.PMC4210443.pdf
"http://dx.doi.org/10.1039/c2ib00149 g Berry, M.F., A.J.",OADS,/arxiv_data1/oa_pdf/e5/e9/JCB_201402006.PMC4210443.pdf
"http://dx.doi.org/10.1152/ajpheart.01017.200 5 Booth, A.J., R. Hadley, A.M. Cornett, A.A. Dreffs, S.A. Matthes, J.L.",Non-OADS,/arxiv_data1/oa_pdf/e5/e9/JCB_201402006.PMC4210443.pdf
"http://dx.doi   .org/10.1164/rccm.201204-0754O C Brunner, G., and R. Blakytny.",OADS,/arxiv_data1/oa_pdf/e5/e9/JCB_201402006.PMC4210443.pdf
"http://dx.doi.org/10.1038/nm.342 1 Hinz, B., G. Celetta, J.J. Tomasek, G. Gabbiani, and C. Chaponnier.",Non-OADS,/arxiv_data1/oa_pdf/e5/e9/JCB_201402006.PMC4210443.pdf
"http://dx.doi.org/10.1091/mbc.12.9.273 0 Hinz, B., D. Mastrangelo, C.E.",Non-OADS,/arxiv_data1/oa_pdf/e5/e9/JCB_201402006.PMC4210443.pdf
"http://dx.doi.org/10.2353/ajpath.2007.07011 2 Hinz, B., S.H.",OADS,/arxiv_data1/oa_pdf/e5/e9/JCB_201402006.PMC4210443.pdf
"http://dx.doi.org/10.1016/j.ajpath.2012.02.00 4 Hyytiäinen, M., C. Penttinen, and J. Keski-Oja.",OADS,/arxiv_data1/oa_pdf/e5/e9/JCB_201402006.PMC4210443.pdf
"http://dx.doi.org/10.1080/   1040836049046093 3 Ilić, D., B. Kovacic, K. Johkura, D.D.",OADS,/arxiv_data1/oa_pdf/e5/e9/JCB_201402006.PMC4210443.pdf
"http://dx.doi.org/10.1242/jcs.0084 5 Isogai, Z., R.N.",Non-OADS,/arxiv_data1/oa_pdf/e5/e9/JCB_201402006.PMC4210443.pdf
"http://dx.doi.org/10.1016/   j.biocel.2007.11.02 6 Judge, D.P., N.J. Biery, D.R.",OADS,/arxiv_data1/oa_pdf/e5/e9/JCB_201402006.PMC4210443.pdf
"http://dx.doi.org/10.1172/JCI20042064 1 Kiema, T., Y. Lad, P. Jiang, C.L.",OADS,/arxiv_data1/oa_pdf/e5/e9/JCB_201402006.PMC4210443.pdf
"http://dx.doi.org/10.1016/j.molcel.2006.01.01 1 Kim, H., A. Sengupta, M. Glogauer, and C.A.",OADS,/arxiv_data1/oa_pdf/e5/e9/JCB_201402006.PMC4210443.pdf
"314:834– 846. http://dx.doi.org/10.1016/j.yexcr.2007.11.02 2 Klingberg, F., B. Hinz, and E.S.",OADS,/arxiv_data1/oa_pdf/e5/e9/JCB_201402006.PMC4210443.pdf
"http://dx.doi.org/10.1016/j.yexcr.2005.08.00 8 Maeda, T., T. Sakabe, A. Sunaga, K. Sakai, A.L.",OADS,/arxiv_data1/oa_pdf/e5/e9/JCB_201402006.PMC4210443.pdf
"http://dx.doi.org/10.1016/j.cub.2011.04.00 7 Majd, H., T.M.",OADS,/arxiv_data1/oa_pdf/e5/e9/JCB_201402006.PMC4210443.pdf
"http://dx.doi.org/10.1242/jcs.07343 7 Nishimura, S.L.",Non-OADS,/arxiv_data1/oa_pdf/e5/e9/JCB_201402006.PMC4210443.pdf
"http://dx.doi.org/10.2353/ajpath.2009.09039 3 Ono, R.N., G. Sengle, N.L.",Non-OADS,/arxiv_data1/oa_pdf/e5/e9/JCB_201402006.PMC4210443.pdf
"http://dx.doi.org/10.1074/jbc.M80934820 0 Rajshankar, D., G.P.",Non-OADS,/arxiv_data1/oa_pdf/e5/e9/JCB_201402006.PMC4210443.pdf
"http://dx.doi   .org/10.1096/fj.12-20738 1 Ramirez, F., and D.B.",OADS,/arxiv_data1/oa_pdf/e5/e9/JCB_201402006.PMC4210443.pdf
"http://dx.doi.org/10.1016/j.ceb.2009.05.00 5 Robertson, I.B., and D.B.",OADS,/arxiv_data1/oa_pdf/e5/e9/JCB_201402006.PMC4210443.pdf
"http://dx.doi.org/10.1016/j.cub.2011.11.03 7 Chaudhry, S.S., S.A. Cain, A. Morgan, S.L.",OADS,/arxiv_data1/oa_pdf/e5/e9/JCB_201402006.PMC4210443.pdf
"http://dx.doi.org/10.1083/jcb.20060816 7 Chen, Q., P. Sivakumar, C. Barley, D.M.",Non-OADS,/arxiv_data1/oa_pdf/e5/e9/JCB_201402006.PMC4210443.pdf
"http://dx.doi.org/10.1074/jbc.M70334120 0 Dallas, S.L., D.R.",Non-OADS,/arxiv_data1/oa_pdf/e5/e9/JCB_201402006.PMC4210443.pdf
"http://dx.doi.org/10.1359/jbmr.2000.15.1.6 8 Dallas, S.L., P. Sivakumar, C.J.",OADS,/arxiv_data1/oa_pdf/e5/e9/JCB_201402006.PMC4210443.pdf
"37:847– 859. http://dx.doi.org/10.1007/s10439-009-9661- x Doyle, J.J., E.E.",Non-OADS,/arxiv_data1/oa_pdf/e5/e9/JCB_201402006.PMC4210443.pdf
"http://dx.doi   .org/10.1016/j.febslet.2012.05.02 7 Fässler, R., and M. Meyer.",OADS,/arxiv_data1/oa_pdf/e5/e9/JCB_201402006.PMC4210443.pdf
"http://dx.doi.org/10.1101/   gad.9.15.189 6 Fässler, R., M. Pfaff, J. Murphy, A.A. Noegel, S. Johansson, R. Timpl, and R.  Albrecht.",OADS,/arxiv_data1/oa_pdf/e5/e9/JCB_201402006.PMC4210443.pdf
"http://dx.doi.org/   10.1083/jcb.128.5.97 9 Follonier Castella, L.F., L. Buscemi, C. Godbout, J.J. Meister, and B. Hinz.",Non-OADS,/arxiv_data1/oa_pdf/e5/e9/JCB_201402006.PMC4210443.pdf
"http://dx.doi.org/   10.1242/jcs.06679 5 Follonier Castella, L., G. Gabbiani, C.A.",Non-OADS,/arxiv_data1/oa_pdf/e5/e9/JCB_201402006.PMC4210443.pdf
"http://dx.doi.org/10.1016/   j.yexcr.2010.04.03 3 Fontana, L., Y. Chen, P. Prijatelj, T. Sakai, R. Fässler, L.Y.",OADS,/arxiv_data1/oa_pdf/e5/e9/JCB_201402006.PMC4210443.pdf
"19:1798– 1808. http://dx.doi.org/10.1096/fj.05-4134co m Gerber, E.E., E.M. Gallo, S.C. Fontana, E.C.",Non-OADS,/arxiv_data1/oa_pdf/e5/e9/JCB_201402006.PMC4210443.pdf
"http://dx.doi.org/10.1038/nature1261 4 Giacomini, M.M., M.A.",Non-OADS,/arxiv_data1/oa_pdf/e5/e9/JCB_201402006.PMC4210443.pdf
"http://dx.doi.org/10.1016/j.yexcr.2012.01.02 0 Godbout, C., L. Follonier Castella, E.A.",OADS,/arxiv_data1/oa_pdf/e5/e9/JCB_201402006.PMC4210443.pdf
"http://dx.doi.org/10.1371/journal.pone.006456 0 Godyna, S., D.M.",Non-OADS,/arxiv_data1/oa_pdf/e5/e9/JCB_201402006.PMC4210443.pdf
"http://dx.doi.org/   10.1016/0945-053X(95)90004- 7 Goffin, J.M., P. Pittet, G. Csucs, J.W.",OADS,/arxiv_data1/oa_pdf/e5/e9/JCB_201402006.PMC4210443.pdf
"http://dx.doi.org/10   .1083/jcb.20050617 9 Henderson, N.C., and D. Sheppard.",Non-OADS,/arxiv_data1/oa_pdf/e5/e9/JCB_201402006.PMC4210443.pdf
"http://dx.doi.org/   10.1016/j.bbadis.2012.10.00 5 Henderson, N.C., T.D.",OADS,/arxiv_data1/oa_pdf/e5/e9/JCB_201402006.PMC4210443.pdf
http://dx.doi.org/10.1513/   pats.201202-017A W,Non-OADS,/arxiv_data1/oa_pdf/e5/e9/JCB_201402006.PMC4210443.pdf
"http://dx.doi.org/10.1002/path.227 7 Wynn, T.A., and T.R.",OADS,/arxiv_data1/oa_pdf/e5/e9/JCB_201402006.PMC4210443.pdf
"http://dx.doi   .org/10.1038/nm.280 7 Zhong, C., M. Chrzanowska-Wodnicka, J.",OADS,/arxiv_data1/oa_pdf/e5/e9/JCB_201402006.PMC4210443.pdf
"141:539– 551. http://dx.doi.org/10.1083/jcb.141.2.53 9 Zilberberg, L., V. Todorovic, B. Dabovic, M. Horiguchi, T. Couroussé, L.Y.",OADS,/arxiv_data1/oa_pdf/e5/e9/JCB_201402006.PMC4210443.pdf
http://dx.doi.org/10.1002/jcp.2409 4activation.,OADS,/arxiv_data1/oa_pdf/e5/e9/JCB_201402006.PMC4210443.pdf
"http://dx.doi.org/   10.1016/j.cytogfr.2013.06.00 3 Rosenzweig, D.H., M. Matmati, G. Khayat, S. Chaudhry, B. Hinz, and T.M.",OADS,/arxiv_data1/oa_pdf/e5/e9/JCB_201402006.PMC4210443.pdf
"http://dx.doi.org/10.1089/ten.tea.2012.021 5 Sabatier, L., D. Chen, C. Fagotto-Kaufmann, D. Hubmacher, M.D.",Non-OADS,/arxiv_data1/oa_pdf/e5/e9/JCB_201402006.PMC4210443.pdf
"http://dx.doi.org/10.1091/mbc   .E08-08-083 0 Sabatier, L., J. Djokic, C. Fagotto-Kaufmann, M. Chen, D.S.",Non-OADS,/arxiv_data1/oa_pdf/e5/e9/JCB_201402006.PMC4210443.pdf
"http://dx.doi.org/10.1042/BJ2013069 9 Saharinen, J., M. Hyytiäinen, J. Taipale, and J. Keski-Oja.",OADS,/arxiv_data1/oa_pdf/e5/e9/JCB_201402006.PMC4210443.pdf
"http://dx.doi.org/10.1016/S1359-6101(99)00010- 6 Sakai, T., K.J.",OADS,/arxiv_data1/oa_pdf/e5/e9/JCB_201402006.PMC4210443.pdf
"http://dx.doi.org/   10.1038/8547 1 Sarrazy, V., A. Koehler, M.L.",Non-OADS,/arxiv_data1/oa_pdf/e5/e9/JCB_201402006.PMC4210443.pdf
"http://dx.doi.org/10.1093/cvr/cvu05 3 Shi, M., J. Zhu, R. Wang, X. Chen, L. Mi, T. Walz, and T.A.",OADS,/arxiv_data1/oa_pdf/e5/e9/JCB_201402006.PMC4210443.pdf
"http://dx.doi.org/10.1091/mbc.E08-08-087 2 Shimbori, C., J. Gauldie, and M. Kolb.",OADS,/arxiv_data1/oa_pdf/e5/e9/JCB_201402006.PMC4210443.pdf
"http://dx.doi.org/10.1097/MCP.0b013e328363f4d e Singh, P., C. Carraher, and J.E.",OADS,/arxiv_data1/oa_pdf/e5/e9/JCB_201402006.PMC4210443.pdf
"http://dx.doi   .org/10.1146/annurev-cellbio-100109-10402 0 Smith, M.L., D. Gourdon, W.C. Little, K.E.",OADS,/arxiv_data1/oa_pdf/e5/e9/JCB_201402006.PMC4210443.pdf
"http://dx.doi   .org/10.1371/journal.pbio.005026 8 Storm, C., J.J. Pastore, F.C.",OADS,/arxiv_data1/oa_pdf/e5/e9/JCB_201402006.PMC4210443.pdf
"http://dx.doi   .org/10.1083/jcb.124.1.17 1 Taipale, J., J. Saharinen, K. Hedman, and J. Keski-Oja.",OADS,/arxiv_data1/oa_pdf/e5/e9/JCB_201402006.PMC4210443.pdf
"http://dx.doi.org/10.1177/44.8.875676 0 Todorovic, V., and D.B.",OADS,/arxiv_data1/oa_pdf/e5/e9/JCB_201402006.PMC4210443.pdf
"http://dx.doi.org/10.1002/jcb.2338 5 Tomasek, J.J., G. Gabbiani, B. Hinz, C. Chaponnier, and R.A. Brown.",Non-OADS,/arxiv_data1/oa_pdf/e5/e9/JCB_201402006.PMC4210443.pdf
"http://dx.doi.org/10.1038/nrm80 9 Velling, T., J. Risteli, K. Wennerberg, D.F.",OADS,/arxiv_data1/oa_pdf/e5/e9/JCB_201402006.PMC4210443.pdf
"277:37377– 37381. http://dx.doi.org/10.1074/jbc.M20628620 0 Wipff, P.J., and B. Hinz.",Non-OADS,/arxiv_data1/oa_pdf/e5/e9/JCB_201402006.PMC4210443.pdf
"http://dx.doi.org/10.1016/j.ejcb.2008.01.01 2 Wipff, P.J., D.B.",OADS,/arxiv_data1/oa_pdf/e5/e9/JCB_201402006.PMC4210443.pdf
"http://dx.doi.org/10.1083/jcb.20070404 2 Wipff, P.J., H. Majd, C. Acharya, L. Buscemi, J.J. Meister, and B. Hinz.",Non-OADS,/arxiv_data1/oa_pdf/e5/e9/JCB_201402006.PMC4210443.pdf
"http://dx.doi   .org/10.1016/j.biomaterials.2008.12.02 2 Worthington, J.J., J.E.",OADS,/arxiv_data1/oa_pdf/e5/e9/JCB_201402006.PMC4210443.pdf
http://dx.doi   .org/10.1016/j.tibs.2010.08.00 2,OADS,/arxiv_data1/oa_pdf/e5/e9/JCB_201402006.PMC4210443.pdf
This article is distributed under the terms of an Attribution– Noncommercial–Share Alike–No Mirror Sites license for the first six months after the pub - lication date (see http://www.rupress.org/terms).,Non-OADS,/arxiv_data1/oa_pdf/bf/2d/JCB_201405028.PMC4210444.pdf
"After six months it is available under a  Creative Commons License (Attribution–Noncommercial–Share Alike 3.0 Unported license,  as described at http://creativecommons.org/licenses/by-nc-sa/3.0/).THE JOURNAL OF CELL BIOLOGY",Non-OADS,/arxiv_data1/oa_pdf/bf/2d/JCB_201405028.PMC4210444.pdf
"http://dx.doi.org/10.1002/yea.114 2 Jiang, W., K. Middleton, H.J.",OADS,/arxiv_data1/oa_pdf/bf/2d/JCB_201405028.PMC4210444.pdf
"http://dx.doi   .org/10.1073/pnas.24045499 7 Kirkland, J.G., and R.T. Kamakaka.",OADS,/arxiv_data1/oa_pdf/bf/2d/JCB_201405028.PMC4210444.pdf
"http://dx.doi.org/10.1083/jcb.20121110 5 Kuhn, R.M., L. Clarke, and J.",OADS,/arxiv_data1/oa_pdf/bf/2d/JCB_201405028.PMC4210444.pdf
"http://dx.doi.org/10.1006/   jmbi.1998.189 6 Megee, P.C., C. Mistrot, V. Guacci, and D. Koshland.",OADS,/arxiv_data1/oa_pdf/bf/2d/JCB_201405028.PMC4210444.pdf
"http://dx.doi.org/10.1016/S1097­2765(00)80347­ 0 Moqtaderi, Z., J. Wang, D. Raha, R.J. White, M. Snyder, Z. Weng, and K. Struhl.",OADS,/arxiv_data1/oa_pdf/bf/2d/JCB_201405028.PMC4210444.pdf
"http://dx.doi.org/10.1038/nsmb.179 4 Mumberg, D., R. Müller, and M. Funk.",OADS,/arxiv_data1/oa_pdf/bf/2d/JCB_201405028.PMC4210444.pdf
"http://dx.doi.org/10.1093/nar/22.25.576 7 Pearson, C.G., P.S.",OADS,/arxiv_data1/oa_pdf/bf/2d/JCB_201405028.PMC4210444.pdf
"152:1255– 1266. http://dx.doi.org/10.1083/jcb.152.6.125 5 Raab, J.R., J. Chiu, J. Zhu, S. Katzman, S. Kurukuti, P.A.",Non-OADS,/arxiv_data1/oa_pdf/bf/2d/JCB_201405028.PMC4210444.pdf
"http://dx.doi.org/10.1038/emboj.2011.40 6 Renshaw, M.J., J.J. Ward, M. Kanemaki, K. Natsume, F.J. Nédélec, and T.U.",OADS,/arxiv_data1/oa_pdf/bf/2d/JCB_201405028.PMC4210444.pdf
"http://dx.doi.org/10.1016/j.devcel.2010.07.01 3 Ribeiro, S.A., J.C. Gatlin, Y .",OADS,/arxiv_data1/oa_pdf/bf/2d/JCB_201405028.PMC4210444.pdf
"http://dx.doi.org/10.1091/mbc.E08­11­112 7 Robinett, C.C., A.",Non-OADS,/arxiv_data1/oa_pdf/bf/2d/JCB_201405028.PMC4210444.pdf
"http://dx.doi.org/10.1083/jcb.135.6.168 5 Rohner, S., S.M.",Non-OADS,/arxiv_data1/oa_pdf/bf/2d/JCB_201405028.PMC4210444.pdf
"http://dx.doi   .org/10.1002/yea.158 0 Rovira, C., and J.E.",OADS,/arxiv_data1/oa_pdf/bf/2d/JCB_201405028.PMC4210444.pdf
"http://dx.doi.org/10.1093/nar/24.9.166 2 Scott, K.C., C.V .",OADS,/arxiv_data1/oa_pdf/bf/2d/JCB_201405028.PMC4210444.pdf
"http://dx.doi.org/10.1371/journal.pone.000109 9 Stephens, A.D., J. Haase, L. Vicci, R.M.",OADS,/arxiv_data1/oa_pdf/bf/2d/JCB_201405028.PMC4210444.pdf
"http://dx.doi.org/   10.1083/jcb.20110313 8 Stephens, A.D., R.A. Haggerty, P.A.",OADS,/arxiv_data1/oa_pdf/bf/2d/JCB_201405028.PMC4210444.pdf
"http://dx.doi.org/10.1083/jcb.20120816 3 Stephens, A.D., C.W.",Non-OADS,/arxiv_data1/oa_pdf/bf/2d/JCB_201405028.PMC4210444.pdf
"http://dx.doi   .org/10.1091/mbc.E13­06­032 5 Stephens, A.D., C.E.",Non-OADS,/arxiv_data1/oa_pdf/bf/2d/JCB_201405028.PMC4210444.pdf
"http://dx.doi.org/10.1083/jcb.20130710 4This information was transferred to MATLAB, in which an image was  generated using the black body radiation spectrum to depict probability  of the LacO position.",OADS,/arxiv_data1/oa_pdf/bf/2d/JCB_201405028.PMC4210444.pdf
Online supplemental material is available at  http://www.jcb.org/cgi/content/full/jcb.201405028/DC1.,Non-OADS,/arxiv_data1/oa_pdf/bf/2d/JCB_201405028.PMC4210444.pdf
"http://dx.doi.org/10.1016/S0092­   8674(00)81019­ 3 Bressan, D.A., J. Vazquez, and J.E.",OADS,/arxiv_data1/oa_pdf/bf/2d/JCB_201405028.PMC4210444.pdf
"http://dx.doi.org/10.1083/jcb.20031106 3 Brito, I.L., F. Monje­Casas, and A. Amon.",Non-OADS,/arxiv_data1/oa_pdf/bf/2d/JCB_201405028.PMC4210444.pdf
"http://dx.doi   .org/10.1091/mbc.E13­05­022 9 D’Ambrosio, C., C.K.",Non-OADS,/arxiv_data1/oa_pdf/bf/2d/JCB_201405028.PMC4210444.pdf
"http://dx.doi.org/10.1101/gad.13.6.69 8 Gardano, L., L. Holland, R. Oulton, T. Le Bihan, and L. Harrington.",Non-OADS,/arxiv_data1/oa_pdf/bf/2d/JCB_201405028.PMC4210444.pdf
"http://dx.doi.org/   10.1093/nar/gkr124 3 Goshima, G., and M. Yanagida.",OADS,/arxiv_data1/oa_pdf/bf/2d/JCB_201405028.PMC4210444.pdf
"http://dx.doi.org/   10.1016/S0092­8674(00)80699­ 6 Gu, B., M. Bessler, and P.J.",OADS,/arxiv_data1/oa_pdf/bf/2d/JCB_201405028.PMC4210444.pdf
"http://dx.doi.org/10.4161/cc.8.1.726 5 Haeusler, R.A., M. Pratt­Hyatt, P.D.",Non-OADS,/arxiv_data1/oa_pdf/bf/2d/JCB_201405028.PMC4210444.pdf
"http://dx.doi.org/10.1101/gad.167590 8 Hirano, T. 2006.",OADS,/arxiv_data1/oa_pdf/bf/2d/JCB_201405028.PMC4210444.pdf
"http://dx.doi.org/10.1038/nrm190 9 Hoang, C., and A.R.",OADS,/arxiv_data1/oa_pdf/bf/2d/JCB_201405028.PMC4210444.pdf
"http://dx.doi.org/10.1016/S0092­8674(01)00618­ 3 Iwasaki, O., and K. Noma.",OADS,/arxiv_data1/oa_pdf/bf/2d/JCB_201405028.PMC4210444.pdf
http://dx.doi.org/10.1016/j.gene.2010.12.01 1,OADS,/arxiv_data1/oa_pdf/bf/2d/JCB_201405028.PMC4210444.pdf
"http://dx.doi.org/10.1016/S0960­9822(02)70783­ 5 Van Bortle, K., M.H.",OADS,/arxiv_data1/oa_pdf/bf/2d/JCB_201405028.PMC4210444.pdf
"http://dx.doi.org/10.1016/j.molcel.2013.10.02 1 Wach, A., A. Brachat, C. Alberti­Segui, C. Rebischung, and P. Philippsen.",OADS,/arxiv_data1/oa_pdf/bf/2d/JCB_201405028.PMC4210444.pdf
"http://dx.doi.org/10.1002/   (SICI)1097­0061(19970915)13:11<1065::AID­YEA159>3.0.CO;2­ K Yong­Gonzalez, V ., B.D.",OADS,/arxiv_data1/oa_pdf/bf/2d/JCB_201405028.PMC4210444.pdf
http://dx.doi.org/10.1111/j.1365 ­  2443.2007.01109. x,Non-OADS,/arxiv_data1/oa_pdf/bf/2d/JCB_201405028.PMC4210444.pdf
This article is distributed under the terms of an Attribution–Noncommercial–   Share Alike–No Mirror Sites license for the first six months after the publication date (see  http://www.rupress.org/terms).,Non-OADS,/arxiv_data1/oa_pdf/ad/36/JCB_201403129.PMC4210445.pdf
"After six months it is available under a Creative Commons  License (Attribution–Noncommercial–Share Alike 3.0 Unported license, as described at  http://creativecommons.org/licenses/by-nc-sa/3.0/).THE JOURNAL OF CELL BIOLOGY",Non-OADS,/arxiv_data1/oa_pdf/ad/36/JCB_201403129.PMC4210445.pdf
The image analysis macro can be downloaded at  the following link: http://imagejdocu.tudor.lu/doku.php ?id=plugin:mor - phology:mitochondrial_morphology_macro_plug-in:start.,OADS,/arxiv_data1/oa_pdf/ad/36/JCB_201403129.PMC4210445.pdf
Online supplemental material is available at http://www.jcb   .org/cgi/content/full/jcb.201403129/DC1.,Non-OADS,/arxiv_data1/oa_pdf/ad/36/JCB_201403129.PMC4210445.pdf
"http://dx.doi.org/10.1186/gb-2010-   11-10-r10 6 Barrett, T., D.B.",Non-OADS,/arxiv_data1/oa_pdf/ad/36/JCB_201403129.PMC4210445.pdf
"http://dx.doi.org/10   .1093/nar/gkl88 7 Cappelletti, G., M.G.",Non-OADS,/arxiv_data1/oa_pdf/ad/36/JCB_201403129.PMC4210445.pdf
"http://dx.doi.org/   10.1016/S0014-4827(03)00209- X Cashman, N.R., H.D.",OADS,/arxiv_data1/oa_pdf/ad/36/JCB_201403129.PMC4210445.pdf
"194:209– 221. http://dx.doi.org/10.1002/aja.100194030 6 Castello, A., B. Fischer, K. Eichelbaum, R. Horos, B.M.",Non-OADS,/arxiv_data1/oa_pdf/ad/36/JCB_201403129.PMC4210445.pdf
"http://dx.doi.org/10   .1016/j.cell.2012.04.03 1 Cho, K.I., Y. Cai, H. Yi, A. Yeh, A. Aslanukov, and P.A.",OADS,/arxiv_data1/oa_pdf/ad/36/JCB_201403129.PMC4210445.pdf
http://dx.doi.org/10.1111/j.1600-0854.2007.00647.,Non-OADS,/arxiv_data1/oa_pdf/ad/36/JCB_201403129.PMC4210445.pdf
"http://dx.doi.org/10.1038/nature0477 9 Cox, R.T., and A.C. Spradling.",OADS,/arxiv_data1/oa_pdf/ad/36/JCB_201403129.PMC4210445.pdf
http://dx.doi.org/10.1242/   dmm.00237 84°C.,Non-OADS,/arxiv_data1/oa_pdf/ad/36/JCB_201403129.PMC4210445.pdf
"http://dx.doi.org/10.1371/journal.pone.005428 3 Smirnova, E., L. Griparic, D.L.",OADS,/arxiv_data1/oa_pdf/ad/36/JCB_201403129.PMC4210445.pdf
"http://dx.doi.org/   10.1091/mbc.12.8.224 5 Song, W., F. Wang, M. Savini, A. Ake, A. di Ronza, M. Sardiello, and L.  Segatori.",Non-OADS,/arxiv_data1/oa_pdf/ad/36/JCB_201403129.PMC4210445.pdf
"http://dx.doi.org/10.1093/hmg/ddt05 2 Subramanian, A., P. Tamayo, V .K.",Non-OADS,/arxiv_data1/oa_pdf/ad/36/JCB_201403129.PMC4210445.pdf
"http://dx.doi.org/10.1016/S0092-8674(00)81459- 2 Trapnell, C., B.A.",OADS,/arxiv_data1/oa_pdf/ad/36/JCB_201403129.PMC4210445.pdf
"http://dx.doi   .org/10.1016/j.neuron.2012.11.02 7 Vornlocher, H.P., P. Hanachi, S. Ribeiro, and J.W.",OADS,/arxiv_data1/oa_pdf/ad/36/JCB_201403129.PMC4210445.pdf
"http://dx.doi   .org/10.1074/jbc.274.24.1680 2 Wakabayashi, J., Z. Zhang, N. Wakabayashi, Y. Tamura, M. Fukaya, T.W.",OADS,/arxiv_data1/oa_pdf/ad/36/JCB_201403129.PMC4210445.pdf
"http://dx.doi.org/10.1083/jcb.20090306 5 Zhu, Q., D. Hulen, T. Liu, and M. Clarke.",OADS,/arxiv_data1/oa_pdf/ad/36/JCB_201403129.PMC4210445.pdf
"http://dx.doi   .org/10.1073/pnas.94.14.730 8Dagda, R.K., S.J.",OADS,/arxiv_data1/oa_pdf/ad/36/JCB_201403129.PMC4210445.pdf
"284:13843– 13855. http://dx.doi.org/10.1074/jbc.M80851520 0 Devaux, F., G. Lelandais, M. Garcia, S. Goussard, and C. Jacq.",Non-OADS,/arxiv_data1/oa_pdf/ad/36/JCB_201403129.PMC4210445.pdf
"http://dx.doi.org/10.1016/j.febslet.2010.09.03 0 Ferreirinha, F., A. Quattrini, M. Pirozzi, V. Valsecchi, G. Dina, V. Broccoli, A.  Auricchio, F. Piemonte, G. Tozzi, L. Gaeta, et al.",OADS,/arxiv_data1/oa_pdf/ad/36/JCB_201403129.PMC4210445.pdf
"http://dx.doi.org/10.1172/JCI20042013 8 Fields, S.D., M.N.",OADS,/arxiv_data1/oa_pdf/ad/36/JCB_201403129.PMC4210445.pdf
"http://dx.doi.org/10.1023/A:102449203169 6 Gennarino, V.A., M. Sardiello, M. Mutarelli, G. Dharmalingam, V. Maselli,  G. Lago, and S. Banfi.",Non-OADS,/arxiv_data1/oa_pdf/ad/36/JCB_201403129.PMC4210445.pdf
"http://dx.doi.org/   10.1016/j.gene.2011.03.00 5 Huang, D.W., B.T.",OADS,/arxiv_data1/oa_pdf/ad/36/JCB_201403129.PMC4210445.pdf
"http://dx.doi.org/10.1038/nprot.2008.21 1 Jensen, K.B., and R.B.",OADS,/arxiv_data1/oa_pdf/ad/36/JCB_201403129.PMC4210445.pdf
"http://dx.doi.org/10.1007/978-1-60327-475-3_ 6 Kim, D., G. Pertea, C. Trapnell, H. Pimentel, R. Kelley, and S.L.",Non-OADS,/arxiv_data1/oa_pdf/ad/36/JCB_201403129.PMC4210445.pdf
http://dx.doi.,Non-OADS,/arxiv_data1/oa_pdf/ad/36/JCB_201403129.PMC4210445.pdf
"http://dx.doi.org/10.1128/MCB.01470-0 6 Lee, J.Y., Y. Nagano, J.P. Taylor, K.L.",OADS,/arxiv_data1/oa_pdf/ad/36/JCB_201403129.PMC4210445.pdf
"http://dx.doi.org/10.1093/bioinformatics/btq43 0 Marc, P., A. Margeot, F. Devaux, C. Blugeon, M. Corral-Debrinski, and C. Jacq.",OADS,/arxiv_data1/oa_pdf/ad/36/JCB_201403129.PMC4210445.pdf
"http://dx.doi.org/10.1093/embo-reports/kvf02 5 Margeot, A., C. Blugeon, J. Sylvestre, S. Vialette, C. Jacq, and M. Corral- Debrinski.",OADS,/arxiv_data1/oa_pdf/ad/36/JCB_201403129.PMC4210445.pdf
"http://dx.doi.org/10.1093/emboj/cdf69 0 Martin, K.C., and A. Ephrussi.",Non-OADS,/arxiv_data1/oa_pdf/ad/36/JCB_201403129.PMC4210445.pdf
"http://dx.doi.org/10.1016/j.cell   .2009.01.04 4 Matsumoto, S., T. Uchiumi, T. Saito, M. Yagi, S. Takazaki, T. Kanki, and D.  Kang.",OADS,/arxiv_data1/oa_pdf/ad/36/JCB_201403129.PMC4210445.pdf
"http://dx.doi.org/10.1038/   nsmb.246 8 Narendra, D.P., and R.J. Youle.",OADS,/arxiv_data1/oa_pdf/ad/36/JCB_201403129.PMC4210445.pdf
"http://dx.doi.org/10.1089/ars.2010.379 9 Nunnari, J., and A. Suomalainen.",OADS,/arxiv_data1/oa_pdf/ad/36/JCB_201403129.PMC4210445.pdf
"http://dx.doi.org/10.1016/j.cell.2012.02.03 5 Otto, H., C. Conz, P. Maier, T. Wölfle, C.K.",OADS,/arxiv_data1/oa_pdf/ad/36/JCB_201403129.PMC4210445.pdf
http://dx.doi.org/10.1038/nature0478 8,Non-OADS,/arxiv_data1/oa_pdf/ad/36/JCB_201403129.PMC4210445.pdf
This article is distributed under the terms of an Attribution– Noncommercial–Share Alike–No Mirror Sites license for the first six months after the pub - lication date (see http://www.rupress.org/terms).,Non-OADS,/arxiv_data1/oa_pdf/24/05/JCB_201404028.PMC4210446.pdf
"After six months it is available under a  Creative Commons License (Attribution–Noncommercial–Share Alike 3.0 Unported license,  as described at http://creativecommons.org/licenses/by-nc-sa/3.0/).THE JOURNAL OF CELL BIOLOGY",Non-OADS,/arxiv_data1/oa_pdf/24/05/JCB_201404028.PMC4210446.pdf
"203:657– 672. http://dx.doi.org/10.1083/jcb.20130307 2 Costa-Mattioli, M., and L.M.",OADS,/arxiv_data1/oa_pdf/24/05/JCB_201404028.PMC4210446.pdf
"http://dx.doi.org/10.1038/nn.354 6 Demontis, F., and N. Perrimon.",Non-OADS,/arxiv_data1/oa_pdf/24/05/JCB_201404028.PMC4210446.pdf
"143:813– 825. http://dx.doi.org/10.1016/j.cell.2010.10.00 7 Denton, D., B. Shravage, R. Simin, K. Mills, D.L.",OADS,/arxiv_data1/oa_pdf/24/05/JCB_201404028.PMC4210446.pdf
"http://dx.doi   .org/10.1016/j.cub.2009.08.04 2 Efeyan, A., R. Zoncu, S. Chang, I. Gumper, H. Snitkin, R.L.",OADS,/arxiv_data1/oa_pdf/24/05/JCB_201404028.PMC4210446.pdf
"http://dx.doi.org/10.1038/nature1174 5 Faleiro, L., and Y .",OADS,/arxiv_data1/oa_pdf/24/05/JCB_201404028.PMC4210446.pdf
"http://dx.doi.org/10.1083/jcb.151.5.95 1 Ferdous, A., P.K.",Non-OADS,/arxiv_data1/oa_pdf/24/05/JCB_201404028.PMC4210446.pdf
"http://dx.doi.org/10.1007/s12265-010-9200- z Füllgrabe, J., D.J.",OADS,/arxiv_data1/oa_pdf/24/05/JCB_201404028.PMC4210446.pdf
"http://dx.doi.org/10.1038/nrm371 6 Groth, A.C., M. Fish, R. Nusse, and M.P.",OADS,/arxiv_data1/oa_pdf/24/05/JCB_201404028.PMC4210446.pdf
"http://dx.doi.org/10.1534/genetics.166.4.177 5 Haberman, A.S., M.A.",Non-OADS,/arxiv_data1/oa_pdf/24/05/JCB_201404028.PMC4210446.pdf
"http://dx.doi.org/10.1242/dev.04423 0 Hampe, J., A. Franke, P. Rosenstiel, A. Till, M. Teuber, K. Huse, M. Albrecht,  G. Mayr, F.M.",Non-OADS,/arxiv_data1/oa_pdf/24/05/JCB_201404028.PMC4210446.pdf
"http://dx.doi   .org/10.1038/ng195 4 Hara, T., K. Nakamura, M. Matsui, A. Yamamoto, Y. Nakahara, R. Suzuki- Migishima, M. Yokoyama, K. Mishima, I. Saito, H. Okano, and N.  Mizushima.",OADS,/arxiv_data1/oa_pdf/24/05/JCB_201404028.PMC4210446.pdf
"http://dx.doi   .org/10.1038/nature0472 4 Hayashi, R., D. Handler, D. Ish-Horowicz, and J. Brennecke.",OADS,/arxiv_data1/oa_pdf/24/05/JCB_201404028.PMC4210446.pdf
"http://dx.doi.org/   10.1101/gad.245738.11 4 Hu, Y ., J. Yao, Z. Liu, X. Liu, H. Fu, and K. Ye.",OADS,/arxiv_data1/oa_pdf/24/05/JCB_201404028.PMC4210446.pdf
"http://dx.doi.org/10.1038/sj.emboj.760082 3 Huang, W.C., and C.C.",OADS,/arxiv_data1/oa_pdf/24/05/JCB_201404028.PMC4210446.pdf
"http://dx.doi.org/10.1128/MCB.25   .15.6592-6602.200 5 Jang, S.W., S.J.",OADS,/arxiv_data1/oa_pdf/24/05/JCB_201404028.PMC4210446.pdf
http://dx.doi.org/10.1158/0008-5472.,Non-OADS,/arxiv_data1/oa_pdf/24/05/JCB_201404028.PMC4210446.pdf
"http://dx.doi   .org/10.1038/nrm352 2 Joselin, A.P., K. Schulze-Osthoff, and C. Schwerk.",Non-OADS,/arxiv_data1/oa_pdf/24/05/JCB_201404028.PMC4210446.pdf
"http://dx.doi   .org/10.1074/jbc.M50985920 0 Juhász, G., and T.P.",OADS,/arxiv_data1/oa_pdf/24/05/JCB_201404028.PMC4210446.pdf
"http://dx.doi.org/10.4161/auto.557 2 Juhász, G., J.H.",Non-OADS,/arxiv_data1/oa_pdf/24/05/JCB_201404028.PMC4210446.pdf
"181:655– 666. http://dx.doi.org/10.1083/jcb.20071205 1 Kang, C., Y .J.",OADS,/arxiv_data1/oa_pdf/24/05/JCB_201404028.PMC4210446.pdf
"http://dx.doi.org/10.1101/gad.157310 7 Klionsky, D.J., and Y .",OADS,/arxiv_data1/oa_pdf/24/05/JCB_201404028.PMC4210446.pdf
http://dx.doi   .org/10.1146/annurev.cellbio.15.1.,OADS,/arxiv_data1/oa_pdf/24/05/JCB_201404028.PMC4210446.pdf
Online supplemental material is available at http://www.jcb.org/ cgi/content/full/jcb.201404028/DC 1.,Non-OADS,/arxiv_data1/oa_pdf/24/05/JCB_201404028.PMC4210446.pdf
Additional data are available in  the JCB DataViewer at http://dx.doi.org/10.1083/jcb.201404028.dv.,OADS,/arxiv_data1/oa_pdf/24/05/JCB_201404028.PMC4210446.pdf
"http://dx.doi.org/10.1083/jcb   .20100811 9 Amarneh, B., K.A.",Non-OADS,/arxiv_data1/oa_pdf/24/05/JCB_201404028.PMC4210446.pdf
"http://dx.doi.org/10.1074/jbc   .M90034620 0 Bai, H., P. Kang, A.M. Hernandez, and M. Tatar.",Non-OADS,/arxiv_data1/oa_pdf/24/05/JCB_201404028.PMC4210446.pdf
http://dx.doi.org/10.1371/journal.,Non-OADS,/arxiv_data1/oa_pdf/24/05/JCB_201404028.PMC4210446.pdf
"http://dx.doi.org/10.1038/cdd.2010.15 7 Berry, D.L., and E.H. Baehrecke.",OADS,/arxiv_data1/oa_pdf/24/05/JCB_201404028.PMC4210446.pdf
"http://dx.doi.org/10.1016/j.cell.2007.10.04 8 Betin, V.M., and J.D.",OADS,/arxiv_data1/oa_pdf/24/05/JCB_201404028.PMC4210446.pdf
"http://dx.doi.org/10.1242/jcs.04625 0 Cadwell, K., J.Y .",OADS,/arxiv_data1/oa_pdf/24/05/JCB_201404028.PMC4210446.pdf
http://dx.doi.org/10.1038/nature0741 6,Non-OADS,/arxiv_data1/oa_pdf/24/05/JCB_201404028.PMC4210446.pdf
"http://dx.doi.org/   10.1016/j.ejcb.2009.05.00 4 Patwa, T.H., Y .",OADS,/arxiv_data1/oa_pdf/24/05/JCB_201404028.PMC4210446.pdf
"http://dx.doi.org/10.1002 /  prca.20080009 7 Pulipparacharuvil, S., M.A.",Non-OADS,/arxiv_data1/oa_pdf/24/05/JCB_201404028.PMC4210446.pdf
"http://dx.doi.org/10.1242/jcs.0250 2 Rigou, P., V .",Non-OADS,/arxiv_data1/oa_pdf/24/05/JCB_201404028.PMC4210446.pdf
"EMBO Rep.  14:172– 177. http://dx.doi.org/10.1038/embor.2012.21 7 Rusten, T.E., K. Lindmo, G. Juhász, M. Sass, P.O.",OADS,/arxiv_data1/oa_pdf/24/05/JCB_201404028.PMC4210446.pdf
"http://dx.doi.org/10.1016/j.devcel.2004.07.00 5 Sahara, S., M. Aoto, Y .",OADS,/arxiv_data1/oa_pdf/24/05/JCB_201404028.PMC4210446.pdf
"http://dx.doi.org/10.1038/4367 8 Sarkar, S., B. Ravikumar, R.A. Floto, and D.C. Rubinsztein.",Non-OADS,/arxiv_data1/oa_pdf/24/05/JCB_201404028.PMC4210446.pdf
"http://dx.doi.org/10.1038/cdd.2008.11 0 Scherzinger, E., R. Lurz, M. Turmaine, L. Mangiarini, B. Hollenbach, R.  Hasenbank, G.P.",Non-OADS,/arxiv_data1/oa_pdf/24/05/JCB_201404028.PMC4210446.pdf
"http://dx.doi   .org/10.1016/S0092-8674(00)80514- 0 Schwerk, C., J. Prasad, K. Degenhardt, H. Erdjument-Bromage, E. White,  P. Tempst, V.J.",OADS,/arxiv_data1/oa_pdf/24/05/JCB_201404028.PMC4210446.pdf
"http://dx.doi.org/10   .1128/MCB.23.8.2981-2990.200 3 Scott, R.C., O. Schuldiner, and T.P.",OADS,/arxiv_data1/oa_pdf/24/05/JCB_201404028.PMC4210446.pdf
"http://dx.doi.org/10.1016/j.devcel.2004.07.00 9 Scott, R.C., G. Juhász, and T.P.",OADS,/arxiv_data1/oa_pdf/24/05/JCB_201404028.PMC4210446.pdf
"http://dx.doi.org/10.1016/j.cub.2006.10.05 3 Settembre, C., R. Zoncu, D.L.",OADS,/arxiv_data1/oa_pdf/24/05/JCB_201404028.PMC4210446.pdf
"http://dx.doi.org/10   .1038/emboj.2012.3 2 Shoji-Kawata, S., R. Sumpter, M. Leveno, G.R.",OADS,/arxiv_data1/oa_pdf/24/05/JCB_201404028.PMC4210446.pdf
"494:201– 206. http://dx.doi.org/10.1038/nature1186 6 Shu, Y ., T. Iijima, W. Sun, J. Kano, T. Ishiyama, C. Okubo, Y .",OADS,/arxiv_data1/oa_pdf/24/05/JCB_201404028.PMC4210446.pdf
"http://dx.doi.org/10.4161/auto.460 4 Simonsen, A., R.C.",Non-OADS,/arxiv_data1/oa_pdf/24/05/JCB_201404028.PMC4210446.pdf
"http://dx.doi.org/10.4161/auto.526 9 Singh, G., A. Kucukural, C. Cenik, J.D.",OADS,/arxiv_data1/oa_pdf/24/05/JCB_201404028.PMC4210446.pdf
"http://dx.doi.org/   10.1016/j.cell.2012.10.00 7 Singh, K.K., S. Erkelenz, S. Rattay, A.K.",OADS,/arxiv_data1/oa_pdf/24/05/JCB_201404028.PMC4210446.pdf
"http://dx.doi.org/10.1038/nature0472 3 Kroemer, G., G. Mariño, and B. Levine.",OADS,/arxiv_data1/oa_pdf/24/05/JCB_201404028.PMC4210446.pdf
"http://dx.doi.org/10.1016/j.molcel   .2010.09.02 3 la Cour, T., L. Kiemer, A. Mølgaard, R. Gupta, K. Skriver, and S. Brunak.",OADS,/arxiv_data1/oa_pdf/24/05/JCB_201404028.PMC4210446.pdf
"http://dx.doi.org/10.1093/protein/gzh06 2 Laplante, M., and D.M.",OADS,/arxiv_data1/oa_pdf/24/05/JCB_201404028.PMC4210446.pdf
"http://dx.doi.org/10.1016/j.cell.2012.03.01 7 Laundrie, B., J.S.",OADS,/arxiv_data1/oa_pdf/24/05/JCB_201404028.PMC4210446.pdf
"http://dx.doi.org/10.1038/4525 7 Liu, Y ., S. Shoji-Kawata, R.M.",OADS,/arxiv_data1/oa_pdf/24/05/JCB_201404028.PMC4210446.pdf
"http://dx.doi.org/10.1074/jbc.M112.37080 9 Luo, S., and D.C. Rubinsztein.",OADS,/arxiv_data1/oa_pdf/24/05/JCB_201404028.PMC4210446.pdf
"http://dx.doi.org/10.1038/cdd.2009.12 1 Malone, C.D., C. Mestdagh, J. Akhtar, N. Kreim, P. Deinhard, R. Sachidanandam,  J. Treisman, and J.Y .",Non-OADS,/arxiv_data1/oa_pdf/24/05/JCB_201404028.PMC4210446.pdf
"http://dx.doi.org/10.1101/   gad.245829.11 4 Mariño, G., M. Niso-Santano, E.H. Baehrecke, and G. Kroemer.",Non-OADS,/arxiv_data1/oa_pdf/24/05/JCB_201404028.PMC4210446.pdf
"http://dx.doi.org/10.1038/nrm373 5 Martelli, A.M., G. Tabellini, D. Bressanin, A. Ognibene, K. Goto, L. Cocco,  and C. Evangelisti.",Non-OADS,/arxiv_data1/oa_pdf/24/05/JCB_201404028.PMC4210446.pdf
"http://dx.doi.org/10.1016/   j.bbamcr.2012.08.01 7 Meléndez, A., Z. Tallóczy, M. Seaman, E.L. Eskelinen, D.H. Hall, and B.  Levine.",OADS,/arxiv_data1/oa_pdf/24/05/JCB_201404028.PMC4210446.pdf
"http://dx.doi   .org/10.1126/science.108778 2 Mizushima, N., B. Levine, A.M. Cuervo, and D.J.",OADS,/arxiv_data1/oa_pdf/24/05/JCB_201404028.PMC4210446.pdf
"http://dx.doi.org/10.1038/nature0663 9 Mizushima, N., T. Yoshimori, and Y .",OADS,/arxiv_data1/oa_pdf/24/05/JCB_201404028.PMC4210446.pdf
"http://dx.doi.org/   10.1038/nsmb.224 2 Murthy, A., Y .",Non-OADS,/arxiv_data1/oa_pdf/24/05/JCB_201404028.PMC4210446.pdf
"http://dx.doi.org/10.1038/nature1304 4 Nagy, P., M. Kárpáti, A. Varga, K. Pircs, Z. Venkei, S. Takáts, K. Varga, B.  Erdi, K. Heged űs, and G. Juhász.",OADS,/arxiv_data1/oa_pdf/24/05/JCB_201404028.PMC4210446.pdf
"http://dx.doi.org/10.4161/   auto.2744 2 Nakai, A., O. Yamaguchi, T. Takeda, Y .",OADS,/arxiv_data1/oa_pdf/24/05/JCB_201404028.PMC4210446.pdf
"http://dx.doi.org/10.1038/nm157 4 Neufeld, T.P.",OADS,/arxiv_data1/oa_pdf/24/05/JCB_201404028.PMC4210446.pdf
"http://dx.doi.org/10.1016/   j.ceb.2009.11.00 5 Orvedahl, A., R. Sumpter Jr., G. Xiao, A. Ng, Z. Zou, Y .",OADS,/arxiv_data1/oa_pdf/24/05/JCB_201404028.PMC4210446.pdf
"http://dx.doi.org/10.1261/rna.230441 0 Spencer, B., R. Potkar, M. Trejo, E. Rockenstein, C. Patrick, R. Gindi, A. Adame,  T. Wyss-Coray, and E. Masliah.",Non-OADS,/arxiv_data1/oa_pdf/24/05/JCB_201404028.PMC4210446.pdf
"29:13578– 13588. http://dx.doi.org/10.1523/JNEUROSCI.4390-09.200 9 Steffan, J.S., L. Bodai, J. Pallos, M. Poelman, A. McCampbell, B.L.",Non-OADS,/arxiv_data1/oa_pdf/24/05/JCB_201404028.PMC4210446.pdf
"http://dx.doi.org/   10.1038/3509956 8 Stenesen, D., J.M.",Non-OADS,/arxiv_data1/oa_pdf/24/05/JCB_201404028.PMC4210446.pdf
"http://dx.doi.org/10.1016/j.cmet.2012.12.00 6 Tange, T.O., T. Shibuya, M.S.",OADS,/arxiv_data1/oa_pdf/24/05/JCB_201404028.PMC4210446.pdf
"http://dx.doi.org/10.1261/rna.215590 5 Vellai, T., K. Takács-Vellai, M. Sass, and D.J.",OADS,/arxiv_data1/oa_pdf/24/05/JCB_201404028.PMC4210446.pdf
"http://dx.doi.org/10.1016/j.tcb.2009.07.00 7 Venken, K.J., Y .",OADS,/arxiv_data1/oa_pdf/24/05/JCB_201404028.PMC4210446.pdf
"http://dx.doi.org/10 .1126/   science.113442 6 Wang, R.C., Y .",OADS,/arxiv_data1/oa_pdf/24/05/JCB_201404028.PMC4210446.pdf
"http://dx.doi.org/10.1038/nrc326 2 Williamson, W.R., D. Wang, A.S. Haberman, and P.R.",OADS,/arxiv_data1/oa_pdf/24/05/JCB_201404028.PMC4210446.pdf
"189:885– 899. http://dx.doi.org/10.1083/jcb.20100306 2 Wirawan, E., L. Vande Walle, K. Kersse, S. Cornelis, S. Claerhout, I.  Vanoverberghe, R. Roelandt, R. De Rycke, J. Verspurten, W. Declercq,  et al.",OADS,/arxiv_data1/oa_pdf/24/05/JCB_201404028.PMC4210446.pdf
http://dx.doi.org/10.1016/j.semcdb.,OADS,/arxiv_data1/oa_pdf/24/05/JCB_201404028.PMC4210446.pdf
http://dx.doi.org/10.1016/j.ceb.2009.11.01 4,OADS,/arxiv_data1/oa_pdf/24/05/JCB_201404028.PMC4210446.pdf
This article is distributed under the terms of an Attribution– Noncommercial–Share Alike–No Mirror Sites license for the first six months after the pub - lication date (see http://www.rupress.org/terms).,Non-OADS,/arxiv_data1/oa_pdf/d0/65/JCB_201401005.PMC4210447.pdf
"After six months it is available under a  Creative Commons License (Attribution–Noncommercial–Share Alike 3.0 Unported license,  as described at http://creativecommons.org/licenses/by-nc-sa/3.0/).THE JOURNAL OF CELL BIOLOGY",Non-OADS,/arxiv_data1/oa_pdf/d0/65/JCB_201401005.PMC4210447.pdf
