oa_pdf/03/6a/nihms-1726843.PMC8501909.pdf,1,SourceForge,2021,2021-07
oa_pdf/03/6a/nihms-1726843.PMC8501909.pdf,2,GitHub,2021,2021-07
oa_pdf/03/70/jmm-70-1471.PMC8744276.pdf,1,Bitbucket,2021,2021-12
oa_pdf/03/70/jmm-70-1471.PMC8744276.pdf,1,GitHub,2021,2021-12
oa_pdf/03/f8/CAC2-41-867.PMC8441059.pdf,2,SourceForge,2021,2021-07
oa_pdf/03/f8/CAC2-41-867.PMC8441059.pdf,5,GitHub,2021,2021-07
oa_pdf/04/8d/1005.PMC8247602.pdf,1,SourceForge,2021,2021-07
oa_pdf/04/8d/1005.PMC8247602.pdf,2,GitHub,2021,2021-07
oa_pdf/05/25/pnas.202100473.PMC8307776.pdf,2,GitHub,2021,2021-07
oa_pdf/05/25/pnas.202100473.PMC8307776.pdf,2,GitLab,2021,2021-07
oa_pdf/05/84/gni-11-191.PMC3897846.pdf,2,GitHub,2013,2013-12
oa_pdf/05/84/gni-11-191.PMC3897846.pdf,2,SourceForge,2013,2013-12
oa_pdf/06/e4/nihms-1617642.PMC8025697.pdf,2,SourceForge,2020,2020-07
oa_pdf/06/e4/nihms-1617642.PMC8025697.pdf,4,GitHub,2020,2020-07
oa_pdf/06/f7/main.PMC7381708.pdf,1,GitHub,2020,2020-07
oa_pdf/06/f7/main.PMC7381708.pdf,2,SourceForge,2020,2020-07
oa_pdf/07/c3/nihms-1523867.PMC6424336.pdf,1,SourceForge,2019,2019-03
oa_pdf/07/c3/nihms-1523867.PMC6424336.pdf,2,GitHub,2019,2019-03
oa_pdf/08/0d/main.PMC8513389.pdf,1,GitHub,2021,2021-10
oa_pdf/08/0d/main.PMC8513389.pdf,2,SourceForge,2021,2021-10
oa_pdf/08/21/jib-15-20170082.PMC6167036.pdf,1,GitHub,2018,2018-03
oa_pdf/08/21/jib-15-20170082.PMC6167036.pdf,2,SourceForge,2018,2018-03
oa_pdf/08/51/LRH2-6-e10285.PMC8753301.pdf,1,Bitbucket,2021,2021-07
oa_pdf/08/51/LRH2-6-e10285.PMC8753301.pdf,1,GitHub,2021,2021-07
oa_pdf/08/a2/gky1210.PMC6393237.pdf,3,Bitbucket,2019,2019-02
oa_pdf/08/a2/gky1210.PMC6393237.pdf,5,GitHub,2019,2019-02
oa_pdf/09/e8/main.PMC8710462.pdf,1,Bitbucket,2021,2021-11
oa_pdf/09/e8/main.PMC8710462.pdf,13,GitHub,2021,2021-11
oa_pdf/09/e8/main.PMC8710462.pdf,3,SourceForge,2021,2021-11
oa_pdf/0a/30/gky1271.PMC6379724.pdf,1,GitHub,2019,2019-02
oa_pdf/0a/30/gky1271.PMC6379724.pdf,1,SourceForge,2019,2019-02
oa_pdf/0b/31/pnas.202013836.PMC7923608.pdf,1,GitHub,2021,2021-02
oa_pdf/0b/31/pnas.202013836.PMC7923608.pdf,1,GitLab,2021,2021-02
oa_pdf/0c/bc/nihms-1737332.PMC8534300.pdf,2,GitHub,2021,2021-08
oa_pdf/0c/bc/nihms-1737332.PMC8534300.pdf,2,SourceForge,2021,2021-08
oa_pdf/0d/08/nihms-1669644.PMC7920574.pdf,1,SourceForge,2021,2021-02
oa_pdf/0d/08/nihms-1669644.PMC7920574.pdf,4,GitHub,2021,2021-02
oa_pdf/0d/6d/main.PMC8640167.pdf,2,Bitbucket,2021,2021-11
oa_pdf/0d/6d/main.PMC8640167.pdf,2,SourceForge,2021,2021-11
oa_pdf/0d/6d/main.PMC8640167.pdf,45,GitHub,2021,2021-11
oa_pdf/0d/d0/main.PMC8689156.pdf,3,SourceForge,2021,2021-12
oa_pdf/0d/d0/main.PMC8689156.pdf,4,GitHub,2021,2021-12
oa_pdf/0e/3b/CG-18-268.PMC5476949.pdf,2,SourceForge,2017,2017-06
oa_pdf/0e/3b/CG-18-268.PMC5476949.pdf,3,GitHub,2017,2017-06
oa_pdf/0e/74/nihms-1613947.PMC7427843.pdf,1,SourceForge,2020,2020-07
oa_pdf/0e/74/nihms-1613947.PMC7427843.pdf,8,GitHub,2020,2020-07
oa_pdf/0f/12/evy183.PMC6186164.pdf,1,SourceForge,2018,2018-08
oa_pdf/0f/12/evy183.PMC6186164.pdf,12,GitHub,2018,2018-08
oa_pdf/0f/25/nihms-1741050.PMC8503862.pdf,1,GitHub,2021,2021-10
oa_pdf/0f/25/nihms-1741050.PMC8503862.pdf,1,SourceForge,2021,2021-10
oa_pdf/0f/7d/PRP2-9-e00749.PMC8532136.pdf,1,SourceForge,2021,2021-10
oa_pdf/0f/7d/PRP2-9-e00749.PMC8532136.pdf,3,GitHub,2021,2021-10
oa_pdf/0f/b6/main.PMC8355918.pdf,1,GitHub,2021,2021-07
oa_pdf/0f/b6/main.PMC8355918.pdf,1,SourceForge,2021,2021-07
oa_pdf/10/03/ocz013.PMC6515520.pdf,1,Bitbucket,2019,2019-04
oa_pdf/10/03/ocz013.PMC6515520.pdf,2,GitHub,2019,2019-04
oa_pdf/10/c4/main.PMC8461376.pdf,1,GitHub,2021,2021-08
oa_pdf/10/c4/main.PMC8461376.pdf,1,SourceForge,2021,2021-08
oa_pdf/11/1b/nihms-1596077.PMC7340153.pdf,1,SourceForge,2019,2019-04
oa_pdf/11/1b/nihms-1596077.PMC7340153.pdf,3,GitHub,2019,2019-04
oa_pdf/11/4e/gkab1113.PMC8728201.pdf,1,Bitbucket,2021,2021-11
oa_pdf/11/4e/gkab1113.PMC8728201.pdf,2,GitHub,2021,2021-11
oa_pdf/11/61/gkab094.PMC8034658.pdf,1,Bitbucket,2021,2021-02
oa_pdf/11/61/gkab094.PMC8034658.pdf,1,GitHub,2021,2021-02
oa_pdf/11/c1/bbx037.PMC6169673.pdf,1,SourceForge,2017,2017-04
oa_pdf/11/c1/bbx037.PMC6169673.pdf,2,GitHub,2017,2017-04
oa_pdf/12/0c/ao1c04017.PMC8529678.pdf,1,Bitbucket,2021,2021-10
oa_pdf/12/0c/ao1c04017.PMC8529678.pdf,3,GitHub,2021,2021-10
oa_pdf/12/2b/nihms-1505938.PMC6172041.pdf,1,Bitbucket,2018,2018-08
oa_pdf/12/2b/nihms-1505938.PMC6172041.pdf,1,GitHub,2018,2018-08
oa_pdf/12/8f/main.PMC8983337.pdf,1,Bitbucket,2022,2022-03
oa_pdf/12/8f/main.PMC8983337.pdf,9,GitHub,2022,2022-03
oa_pdf/13/b3/nihms-1510941.PMC6284236.pdf,1,GitHub,2018,2018-10
oa_pdf/13/b3/nihms-1510941.PMC6284236.pdf,2,SourceForge,2018,2018-10
oa_pdf/14/29/528.PMC7197474.pdf,2,SourceForge,2020,2020-04
oa_pdf/14/29/528.PMC7197474.pdf,6,GitHub,2020,2020-04
oa_pdf/14/cc/JPI-10-12.PMC6489422.pdf,1,SourceForge,2019,2019-04
oa_pdf/14/cc/JPI-10-12.PMC6489422.pdf,6,GitHub,2019,2019-04
oa_pdf/14/db/nihms-1514171.PMC6310484.pdf,1,SourceForge,2018,2018-11
oa_pdf/14/db/nihms-1514171.PMC6310484.pdf,4,GitHub,2018,2018-11
oa_pdf/15/5a/nihms-1509052.PMC6249693.pdf,1,SourceForge,2018,2018-08
oa_pdf/15/5a/nihms-1509052.PMC6249693.pdf,2,GitHub,2018,2018-08
oa_pdf/15/91/main.PMC7859310.pdf,1,Bitbucket,2021,2021-01
oa_pdf/15/91/main.PMC7859310.pdf,1,GitHub,2021,2021-01
oa_pdf/15/b6/nihms-1511993.PMC6280671.pdf,2,GitHub,2018,2018-10
oa_pdf/15/b6/nihms-1511993.PMC6280671.pdf,4,SourceForge,2018,2018-10
oa_pdf/18/42/main.PMC6961067.pdf,1,Bitbucket,2019,2019-12
oa_pdf/18/42/main.PMC6961067.pdf,3,GitHub,2019,2019-12
oa_pdf/18/ff/erz402.PMC6859729.pdf,1,GitHub,2019,2019-11
oa_pdf/18/ff/erz402.PMC6859729.pdf,1,SourceForge,2019,2019-11
oa_pdf/19/e6/nihms-1727018.PMC8369408.pdf,2,SourceForge,2021,2021-07
oa_pdf/19/e6/nihms-1727018.PMC8369408.pdf,4,GitHub,2021,2021-07
oa_pdf/1a/4a/main.PMC8578042.pdf,1,GitHub,2021,2021-11
oa_pdf/1a/4a/main.PMC8578042.pdf,1,SourceForge,2021,2021-11
oa_pdf/1d/46/bat029.PMC3638156.pdf,1,SourceForge,2013,2013-04
oa_pdf/1d/46/bat029.PMC3638156.pdf,2,GitHub,2013,2013-04
oa_pdf/1d/51/msy225.PMC6389322.pdf,2,GitHub,2019,2019-03
oa_pdf/1d/51/msy225.PMC6389322.pdf,2,SourceForge,2019,2019-03
oa_pdf/1e/32/ijo-57-01-0067.PMC7252450.pdf,2,SourceForge,2020,2020-04
oa_pdf/1e/32/ijo-57-01-0067.PMC7252450.pdf,9,GitHub,2020,2020-04
oa_pdf/1e/a7/lqab110.PMC8634067.pdf,1,GitHub,2021,2021-11
oa_pdf/1e/a7/lqab110.PMC8634067.pdf,1,SourceForge,2021,2021-11
oa_pdf/1f/78/gky562.PMC6144787.pdf,1,GitHub,2018,2018-09
oa_pdf/1f/78/gky562.PMC6144787.pdf,2,SourceForge,2018,2018-09
oa_pdf/1f/98/psp40004-e00021.PMC4394611.pdf,1,GitHub,2015,2015-03
oa_pdf/1f/98/psp40004-e00021.PMC4394611.pdf,1,SourceForge,2015,2015-03
oa_pdf/20/04/btx023.PMC5447234.pdf,1,Bitbucket,2017,2017-06
oa_pdf/20/04/btx023.PMC5447234.pdf,1,GitHub,2017,2017-06
oa_pdf/21/68/nihms-1728471.PMC8365531.pdf,1,GitHub,2021,2021-07
oa_pdf/21/68/nihms-1728471.PMC8365531.pdf,1,SourceForge,2021,2021-07
oa_pdf/22/56/veab048.PMC8427344.pdf,1,SourceForge,2021,2021-08
oa_pdf/22/56/veab048.PMC8427344.pdf,2,GitHub,2021,2021-08
oa_pdf/22/67/nihms-1734080.PMC8422973.pdf,1,GitHub,2021,2021-08
oa_pdf/22/67/nihms-1734080.PMC8422973.pdf,2,SourceForge,2021,2021-08
oa_pdf/22/e8/gkw1191.PMC5399794.pdf,1,GitHub,2017,2017-04
oa_pdf/22/e8/gkw1191.PMC5399794.pdf,1,SourceForge,2017,2017-04
oa_pdf/23/2f/main.PMC8786676.pdf,1,SourceForge,2021,2021-12
oa_pdf/23/2f/main.PMC8786676.pdf,2,GitHub,2021,2021-12
oa_pdf/23/ec/gkaa620.PMC7826254.pdf,1,GitLab,2020,2020-07
oa_pdf/23/ec/gkaa620.PMC7826254.pdf,2,GitHub,2020,2020-07
oa_pdf/24/71/MEN-20-892.PMC7497042.pdf,1,GitHub,2020,2020-07
oa_pdf/24/71/MEN-20-892.PMC7497042.pdf,1,GitLab,2020,2020-07
oa_pdf/24/86/main.PMC8426465.pdf,1,GitLab,2021,2021-08
oa_pdf/24/86/main.PMC8426465.pdf,1,SourceForge,2021,2021-08
oa_pdf/24/86/main.PMC8426465.pdf,5,GitHub,2021,2021-08
oa_pdf/25/5e/nihms-1542112.PMC6917035.pdf,2,SourceForge,2019,2019-12
oa_pdf/25/5e/nihms-1542112.PMC6917035.pdf,4,GitHub,2019,2019-12
oa_pdf/26/80/main.PMC8971930.pdf,1,Bitbucket,2022,2022-03
oa_pdf/26/80/main.PMC8971930.pdf,3,GitHub,2022,2022-03
oa_pdf/27/09/main.PMC8971943.pdf,1,SourceForge,2022,2022-03
oa_pdf/27/09/main.PMC8971943.pdf,4,GitHub,2022,2022-03
oa_pdf/28/dc/main.PMC6354217.pdf,1,GitHub,2018,2018-12
oa_pdf/28/dc/main.PMC6354217.pdf,1,SourceForge,2018,2018-12
oa_pdf/29/24/abd7180.PMC7875538.pdf,1,Bitbucket,2021,2021-02
oa_pdf/29/24/abd7180.PMC7875538.pdf,3,SourceForge,2021,2021-02
oa_pdf/29/24/abd7180.PMC7875538.pdf,9,GitHub,2021,2021-02
oa_pdf/2a/1d/PBI-20-761.PMC8989495.pdf,1,SourceForge,2022,2022-04
oa_pdf/2a/1d/PBI-20-761.PMC8989495.pdf,3,GitHub,2022,2022-04
oa_pdf/2a/cf/nihms-1749561.PMC8609347.pdf,3,GitHub,2021,2021-10
oa_pdf/2a/cf/nihms-1749561.PMC8609347.pdf,3,SourceForge,2021,2021-10
oa_pdf/2c/69/syaa050.PMC8559576.pdf,1,Bitbucket,2020,2020-07
oa_pdf/2c/69/syaa050.PMC8559576.pdf,1,GitHub,2020,2020-07
oa_pdf/2d/99/main.PMC6402295.pdf,1,GitHub,2019,2019-02
oa_pdf/2d/99/main.PMC6402295.pdf,1,SourceForge,2019,2019-02
oa_pdf/2e/3c/main.PMC7900643.pdf,1,SourceForge,2021,2021-01
oa_pdf/2e/3c/main.PMC7900643.pdf,2,GitHub,2021,2021-01
oa_pdf/2e/8c/lqaa051.PMC7671374.pdf,1,Bitbucket,2020,2020-07
oa_pdf/2e/8c/lqaa051.PMC7671374.pdf,1,SourceForge,2020,2020-07
oa_pdf/2f/55/btaa458.PMC7355301.pdf,1,GitLab,2020,2020-07
oa_pdf/2f/55/btaa458.PMC7355301.pdf,3,GitHub,2020,2020-07
oa_pdf/2f/58/nihms-1787449.PMC8958721.pdf,1,Bitbucket,2022,2022-03
oa_pdf/2f/58/nihms-1787449.PMC8958721.pdf,1,SourceForge,2022,2022-03
oa_pdf/2f/65/main.PMC8599170.pdf,1,Bitbucket,2021,2021-08
oa_pdf/2f/65/main.PMC8599170.pdf,1,GitHub,2021,2021-08
oa_pdf/2f/c8/aabc-8-011.PMC4461095.pdf,1,GitHub,2015,2015-06
oa_pdf/2f/c8/aabc-8-011.PMC4461095.pdf,1,SourceForge,2015,2015-06
oa_pdf/2f/d7/mBio.01948-15.PMC4752602.pdf,1,SourceForge,2016,2016-02
oa_pdf/2f/d7/mBio.01948-15.PMC4752602.pdf,2,GitHub,2016,2016-02
oa_pdf/30/9d/nihms-1727190.PMC8371260.pdf,1,GitHub,2021,2021-07
oa_pdf/30/9d/nihms-1727190.PMC8371260.pdf,1,SourceForge,2021,2021-07
oa_pdf/30/b9/nihms-1517606.PMC6392044.pdf,1,SourceForge,2018,2018-12
oa_pdf/30/b9/nihms-1517606.PMC6392044.pdf,2,GitHub,2018,2018-12
oa_pdf/33/68/nihpp-2020.07.02.184481.PMC7337385.pdf,1,GitLab,2020,2020-07
oa_pdf/33/68/nihpp-2020.07.02.184481.PMC7337385.pdf,3,GitHub,2020,2020-07
oa_pdf/34/07/nihms-1667155.PMC7949349.pdf,1,SourceForge,2021,2021-01
oa_pdf/34/07/nihms-1667155.PMC7949349.pdf,3,GitHub,2021,2021-01
oa_pdf/35/70/gky1066.PMC6294505.pdf,1,GitHub,2018,2018-12
oa_pdf/35/70/gky1066.PMC6294505.pdf,1,SourceForge,2018,2018-12
oa_pdf/36/94/aax4001.PMC6954061.pdf,1,Bitbucket,2020,2020-01
oa_pdf/36/94/aax4001.PMC6954061.pdf,1,GitHub,2020,2020-01
oa_pdf/38/8b/pnas.201908291.PMC6926006.pdf,1,SourceForge,2019,2019-12
oa_pdf/38/8b/pnas.201908291.PMC6926006.pdf,6,GitHub,2019,2019-12
oa_pdf/3a/4f/bbab374.PMC8769700.pdf,1,Bitbucket,2021,2021-10
oa_pdf/3a/4f/bbab374.PMC8769700.pdf,13,GitHub,2021,2021-10
oa_pdf/3b/34/main.PMC8715333.pdf,1,SourceForge,2021,2021-12
oa_pdf/3b/34/main.PMC8715333.pdf,3,GitHub,2021,2021-12
oa_pdf/3b/51/nihms-1749116.PMC9035045.pdf,2,SourceForge,2022,2022-04
oa_pdf/3b/51/nihms-1749116.PMC9035045.pdf,4,GitHub,2022,2022-04
oa_pdf/3c/2b/nihms-1795992.PMC9013128.pdf,1,SourceForge,2022,2022-04
oa_pdf/3c/2b/nihms-1795992.PMC9013128.pdf,13,GitHub,2022,2022-04
oa_pdf/3d/fa/nihms-1510871.PMC6292215.pdf,1,GitHub,2018,2018-10
oa_pdf/3d/fa/nihms-1510871.PMC6292215.pdf,1,SourceForge,2018,2018-10
oa_pdf/3f/50/00836-2020.PMC8326681.pdf,1,GitHub,2021,2021-08
oa_pdf/3f/50/00836-2020.PMC8326681.pdf,1,SourceForge,2021,2021-08
oa_pdf/40/33/mgen-7-0678.PMC8627204.pdf,1,GitHub,2021,2021-10
oa_pdf/40/33/mgen-7-0678.PMC8627204.pdf,1,SourceForge,2021,2021-10
oa_pdf/40/3c/aba0111.PMC7190310.pdf,2,GitHub,2020,2020-04
oa_pdf/40/3c/aba0111.PMC7190310.pdf,2,SourceForge,2020,2020-04
oa_pdf/42/6b/NG2015000232.PMC4821081.pdf,1,GitHub,2015,2015-06
oa_pdf/42/6b/NG2015000232.PMC4821081.pdf,1,SourceForge,2015,2015-06
oa_pdf/42/aa/nihms-1722138.PMC8278229.pdf,1,GitHub,2021,2021-07
oa_pdf/42/aa/nihms-1722138.PMC8278229.pdf,2,SourceForge,2021,2021-07
oa_pdf/43/12/ocv153.PMC4901374.pdf,1,Bitbucket,2016,2016-05
oa_pdf/43/12/ocv153.PMC4901374.pdf,1,GitLab,2016,2016-05
oa_pdf/43/12/ocv153.PMC4901374.pdf,2,GitHub,2016,2016-05
oa_pdf/43/63/gkab1131.PMC8887420.pdf,1,SourceForge,2021,2021-11
oa_pdf/43/63/gkab1131.PMC8887420.pdf,2,GitHub,2021,2021-11
oa_pdf/43/a4/apps.1600091.PMC5077287.pdf,1,GitHub,2016,2016-10
oa_pdf/43/a4/apps.1600091.PMC5077287.pdf,1,SourceForge,2016,2016-10
oa_pdf/44/17/main.PMC8379442.pdf,1,GitHub,2021,2021-08
oa_pdf/44/17/main.PMC8379442.pdf,1,SourceForge,2021,2021-08
oa_pdf/44/b9/hgv201719.PMC5462939.pdf,1,GitHub,2017,2017-06
oa_pdf/44/b9/hgv201719.PMC5462939.pdf,1,SourceForge,2017,2017-06
oa_pdf/45/48/kfy288.PMC6390655.pdf,1,SourceForge,2019,2019-03
oa_pdf/45/48/kfy288.PMC6390655.pdf,3,GitHub,2019,2019-03
oa_pdf/46/66/nihms-1539070.PMC6754745.pdf,1,SourceForge,2019,2019-09
oa_pdf/46/66/nihms-1539070.PMC6754745.pdf,2,GitHub,2019,2019-09
oa_pdf/46/67/peerj-09-12428.PMC8574218.pdf,1,SourceForge,2021,2021-11
oa_pdf/46/67/peerj-09-12428.PMC8574218.pdf,5,GitHub,2021,2021-11
oa_pdf/47/fe/main.PMC8551073.pdf,1,SourceForge,2021,2021-10
oa_pdf/47/fe/main.PMC8551073.pdf,2,GitHub,2021,2021-10
oa_pdf/48/f6/mv-v25-204.PMC6441358.pdf,1,GitHub,2019,2019-03
oa_pdf/48/f6/mv-v25-204.PMC6441358.pdf,1,SourceForge,2019,2019-03
oa_pdf/49/52/foab002.PMC7943257.pdf,1,GitHub,2021,2021-01
oa_pdf/49/52/foab002.PMC7943257.pdf,1,SourceForge,2021,2021-01
oa_pdf/4a/4f/aav6971.PMC6994216.pdf,2,Bitbucket,2020,2020-01
oa_pdf/4a/4f/aav6971.PMC6994216.pdf,2,GitHub,2020,2020-01
oa_pdf/4c/5d/main.PMC7171519.pdf,1,SourceForge,2020,2020-04
oa_pdf/4c/5d/main.PMC7171519.pdf,2,GitHub,2020,2020-04
oa_pdf/4d/38/main.PMC8749460.pdf,1,GitHub,2021,2021-12
oa_pdf/4d/38/main.PMC8749460.pdf,1,GitLab,2021,2021-12
oa_pdf/4d/8a/nihpp-2004.07229v1.PMC7280907.pdf,1,GitHub,2020,2020-04
oa_pdf/4d/8a/nihpp-2004.07229v1.PMC7280907.pdf,1,SourceForge,2020,2020-04
oa_pdf/4e/37/bmjsit-2021-000084.PMC8749288.pdf,1,SourceForge,2021,2021-07
oa_pdf/4e/37/bmjsit-2021-000084.PMC8749288.pdf,2,GitHub,2021,2021-07
oa_pdf/4e/57/ooz067.PMC7309234.pdf,1,Bitbucket,2019,2019-12
oa_pdf/4e/57/ooz067.PMC7309234.pdf,1,GitHub,2019,2019-12
oa_pdf/4e/5e/main.PMC6231116.pdf,1,SourceForge,2018,2018-10
oa_pdf/4e/5e/main.PMC6231116.pdf,14,GitHub,2018,2018-10
oa_pdf/4f/74/TCA-9-1093.PMC6119621.pdf,1,GitHub,2018,2018-09
oa_pdf/4f/74/TCA-9-1093.PMC6119621.pdf,1,SourceForge,2018,2018-09
oa_pdf/4f/cd/evw155.PMC5010892.pdf,1,Bitbucket,2016,2016-07
oa_pdf/4f/cd/evw155.PMC5010892.pdf,2,GitHub,2016,2016-07
oa_pdf/4f/f7/gkz1093.PMC6943133.pdf,1,Bitbucket,2020,2020-01
oa_pdf/4f/f7/gkz1093.PMC6943133.pdf,1,GitHub,2020,2020-01
oa_pdf/51/ec/742.PMC6049513.pdf,2,GitHub,2018,2018-06
oa_pdf/51/ec/742.PMC6049513.pdf,2,SourceForge,2018,2018-06
oa_pdf/51/f5/80.PMC7749630.pdf,3,SourceForge,2021,2021-01
oa_pdf/51/f5/80.PMC7749630.pdf,5,GitHub,2021,2021-01
oa_pdf/53/79/JEM_20171221.PMC5789415.pdf,1,GitHub,2018,2018-02
oa_pdf/53/79/JEM_20171221.PMC5789415.pdf,1,SourceForge,2018,2018-02
oa_pdf/53/86/main.PMC8405928.pdf,1,GitHub,2021,2021-08
oa_pdf/53/86/main.PMC8405928.pdf,3,GitLab,2021,2021-08
oa_pdf/54/bf/main.PMC7896190.pdf,1,SourceForge,2021,2021-02
oa_pdf/54/bf/main.PMC7896190.pdf,5,GitHub,2021,2021-02
oa_pdf/54/e8/PBI-20-592.PMC8882801.pdf,1,SourceForge,2022,2022-03
oa_pdf/54/e8/PBI-20-592.PMC8882801.pdf,3,GitHub,2022,2022-03
oa_pdf/55/69/gkz933.PMC7145613.pdf,1,GitHub,2020,2020-01
oa_pdf/55/69/gkz933.PMC7145613.pdf,1,GitLab,2020,2020-01
oa_pdf/55/ab/nihms-1547106.PMC6980758.pdf,1,GitHub,2019,2019-12
oa_pdf/55/ab/nihms-1547106.PMC6980758.pdf,1,SourceForge,2019,2019-12
oa_pdf/56/64/nihms-1724268.PMC8513487.pdf,1,GitHub,2021,2021-07
oa_pdf/56/64/nihms-1724268.PMC8513487.pdf,2,Bitbucket,2021,2021-07
oa_pdf/58/13/1634.PMC6239182.pdf,1,GitHub,2018,2018-12
oa_pdf/58/13/1634.PMC6239182.pdf,1,SourceForge,2018,2018-12
oa_pdf/58/16/main.PMC8634045.pdf,1,Bitbucket,2021,2021-11
oa_pdf/58/16/main.PMC8634045.pdf,4,GitHub,2021,2021-11
oa_pdf/58/51/mec0024-4392.PMC4557055.pdf,1,GitHub,2015,2015-09
oa_pdf/58/51/mec0024-4392.PMC4557055.pdf,1,SourceForge,2015,2015-09
oa_pdf/59/4b/nzab132.PMC8634088.pdf,1,GitHub,2021,2021-11
oa_pdf/59/4b/nzab132.PMC8634088.pdf,1,GitLab,2021,2021-11
oa_pdf/5a/f5/pnas.202023836.PMC8719893.pdf,1,GitHub,2021,2021-12
oa_pdf/5a/f5/pnas.202023836.PMC8719893.pdf,1,SourceForge,2021,2021-12
oa_pdf/5c/9d/main.PMC8524755.pdf,1,GitHub,2021,2021-10
oa_pdf/5c/9d/main.PMC8524755.pdf,1,SourceForge,2021,2021-10
oa_pdf/5c/b8/1647.PMC6239175.pdf,1,Bitbucket,2018,2018-12
oa_pdf/5c/b8/1647.PMC6239175.pdf,2,GitHub,2018,2018-12
oa_pdf/5d/f9/main.PMC8335632.pdf,1,SourceForge,2021,2021-07
oa_pdf/5d/f9/main.PMC8335632.pdf,4,GitHub,2021,2021-07
oa_pdf/5e/3c/CG-21-11.PMC7324890.pdf,1,SourceForge,2020,2020-01
oa_pdf/5e/3c/CG-21-11.PMC7324890.pdf,2,GitHub,2020,2020-01
oa_pdf/5e/63/gky041.PMC5829567.pdf,1,GitHub,2018,2018-02
oa_pdf/5e/63/gky041.PMC5829567.pdf,1,SourceForge,2018,2018-02
oa_pdf/5e/6e/10.1177_1177932218821373.PMC6376532.pdf,1,SourceForge,2019,2019-02
oa_pdf/5e/6e/10.1177_1177932218821373.PMC6376532.pdf,2,GitHub,2019,2019-02
oa_pdf/5e/e3/main.PMC8933703.pdf,1,SourceForge,2022,2022-03
oa_pdf/5e/e3/main.PMC8933703.pdf,2,GitHub,2022,2022-03
oa_pdf/5f/ef/HUMU-38-889.PMC5518446.pdf,1,GitHub,2017,2017-07
oa_pdf/5f/ef/HUMU-38-889.PMC5518446.pdf,1,SourceForge,2017,2017-07
oa_pdf/60/ef/jhc-8-1281.PMC8558640.pdf,1,GitHub,2021,2021-10
oa_pdf/60/ef/jhc-8-1281.PMC8558640.pdf,2,SourceForge,2021,2021-10
oa_pdf/61/03/aaz0517.PMC7176413.pdf,1,GitHub,2020,2020-04
oa_pdf/61/03/aaz0517.PMC7176413.pdf,1,SourceForge,2020,2020-04
oa_pdf/61/bb/lqab008.PMC7902201.pdf,1,SourceForge,2021,2021-02
oa_pdf/61/bb/lqab008.PMC7902201.pdf,2,GitHub,2021,2021-02
oa_pdf/65/7c/pnas.201803521.PMC6765247.pdf,1,GitHub,2019,2019-09
oa_pdf/65/7c/pnas.201803521.PMC6765247.pdf,1,SourceForge,2019,2019-09
oa_pdf/65/d6/lqab068.PMC8294687.pdf,1,SourceForge,2021,2021-07
oa_pdf/65/d6/lqab068.PMC8294687.pdf,2,GitHub,2021,2021-07
oa_pdf/66/13/nihms-1038494.PMC6664437.pdf,1,SourceForge,2019,2019-04
oa_pdf/66/13/nihms-1038494.PMC6664437.pdf,3,GitHub,2019,2019-04
oa_pdf/66/bb/gkab106.PMC8191788.pdf,1,Bitbucket,2021,2021-02
oa_pdf/66/bb/gkab106.PMC8191788.pdf,2,GitHub,2021,2021-02
oa_pdf/66/ef/dkx380.PMC5890720.pdf,1,GitHub,2018,2018-02
oa_pdf/66/ef/dkx380.PMC5890720.pdf,1,SourceForge,2018,2018-02
oa_pdf/67/34/fiy016.PMC6018995.pdf,1,GitHub,2018,2018-02
oa_pdf/67/34/fiy016.PMC6018995.pdf,1,SourceForge,2018,2018-02
oa_pdf/67/4a/msab230.PMC8557463.pdf,1,GitHub,2021,2021-08
oa_pdf/67/4a/msab230.PMC8557463.pdf,1,SourceForge,2021,2021-08
oa_pdf/68/1a/main.PMC5968133.pdf,1,GitHub,2018,2018-03
oa_pdf/68/1a/main.PMC5968133.pdf,1,SourceForge,2018,2018-03
oa_pdf/68/4c/aba1180.PMC7775761.pdf,1,SourceForge,2021,2021-01
oa_pdf/68/4c/aba1180.PMC7775761.pdf,2,GitHub,2021,2021-01
oa_pdf/68/ba/str-50-3004.PMC6824502.pdf,1,Bitbucket,2019,2019-11
oa_pdf/68/ba/str-50-3004.PMC6824502.pdf,1,GitHub,2019,2019-11
oa_pdf/68/bd/msy068.PMC5995219.pdf,1,Bitbucket,2018,2018-07
oa_pdf/68/bd/msy068.PMC5995219.pdf,2,GitHub,2018,2018-07
oa_pdf/69/8d/apps.1600017.PMC4948901.pdf,1,GitHub,2016,2016-07
oa_pdf/69/8d/apps.1600017.PMC4948901.pdf,1,SourceForge,2016,2016-07
oa_pdf/69/c4/JEM_20160724.PMC5502421.pdf,1,Bitbucket,2017,2017-07
oa_pdf/69/c4/JEM_20160724.PMC5502421.pdf,1,GitHub,2017,2017-07
oa_pdf/6a/1f/pnas.201807266.PMC6187149.pdf,1,Bitbucket,2018,2018-10
oa_pdf/6a/1f/pnas.201807266.PMC6187149.pdf,1,GitHub,2018,2018-10
oa_pdf/6b/a2/gkac155.PMC8989546.pdf,1,GitHub,2022,2022-03
oa_pdf/6b/a2/gkac155.PMC8989546.pdf,1,SourceForge,2022,2022-03
oa_pdf/6c/8f/gkv1519.PMC4872072.pdf,1,GitHub,2016,2016-05
oa_pdf/6c/8f/gkv1519.PMC4872072.pdf,1,SourceForge,2016,2016-05
oa_pdf/6c/b8/236.PMC6360813.pdf,2,GitHub,2019,2019-02
oa_pdf/6c/b8/236.PMC6360813.pdf,2,GitLab,2019,2019-02
oa_pdf/6e/1d/mgen-7-0664.PMC8627212.pdf,1,SourceForge,2021,2021-10
oa_pdf/6e/1d/mgen-7-0664.PMC8627212.pdf,6,GitHub,2021,2021-10
oa_pdf/6e/97/main.PMC6147029.pdf,1,GitHub,2018,2018-06
oa_pdf/6e/97/main.PMC6147029.pdf,1,SourceForge,2018,2018-06
oa_pdf/6e/f5/AOR-42-983.PMC6220828.pdf,1,Bitbucket,2018,2018-10
oa_pdf/6e/f5/AOR-42-983.PMC6220828.pdf,1,GitHub,2018,2018-10
oa_pdf/6f/7a/dsw026.PMC5066169.pdf,1,GitHub,2016,2016-10
oa_pdf/6f/7a/dsw026.PMC5066169.pdf,1,SourceForge,2016,2016-10
oa_pdf/70/3d/main.PMC7210589.pdf,1,GitHub,2020,2020-04
oa_pdf/70/3d/main.PMC7210589.pdf,2,SourceForge,2020,2020-04
oa_pdf/70/7a/i-perception-4-493.PMC4129382.pdf,1,Bitbucket,2013,2013-10
oa_pdf/70/7a/i-perception-4-493.PMC4129382.pdf,1,GitHub,2013,2013-10
oa_pdf/71/c0/main.PMC8904607.pdf,1,Bitbucket,2022,2022-03
oa_pdf/71/c0/main.PMC8904607.pdf,2,GitHub,2022,2022-03
oa_pdf/73/d0/gkab815.PMC8643649.pdf,1,Bitbucket,2021,2021-10
oa_pdf/73/d0/gkab815.PMC8643649.pdf,1,SourceForge,2021,2021-10
oa_pdf/73/d0/gkab815.PMC8643649.pdf,20,GitHub,2021,2021-10
oa_pdf/74/7e/IJPA-16-610.PMC8710209.pdf,1,SourceForge,2021,2021-10
oa_pdf/74/7e/IJPA-16-610.PMC8710209.pdf,2,GitHub,2021,2021-10
oa_pdf/74/86/MEN-21-2350.PMC8518545.pdf,1,Bitbucket,2021,2021-10
oa_pdf/74/86/MEN-21-2350.PMC8518545.pdf,1,GitHub,2021,2021-10
oa_pdf/75/2c/main.PMC7240055.pdf,1,Bitbucket,2020,2020-04
oa_pdf/75/2c/main.PMC7240055.pdf,1,GitHub,2020,2020-04
oa_pdf/76/1f/main.PMC8749183.pdf,1,SourceForge,2021,2021-12
oa_pdf/76/1f/main.PMC8749183.pdf,2,GitHub,2021,2021-12
oa_pdf/76/35/nihpp-2020.07.04.187757.PMC7337374.pdf,1,SourceForge,2020,2020-07
oa_pdf/76/35/nihpp-2020.07.04.187757.PMC7337374.pdf,3,GitHub,2020,2020-07
oa_pdf/77/c8/10.1177_1176934318797354.PMC6144591.pdf,1,Bitbucket,2018,2018-09
oa_pdf/77/c8/10.1177_1176934318797354.PMC6144591.pdf,2,GitHub,2018,2018-09
oa_pdf/78/11/zr-42-6-692.PMC8645884.pdf,1,GitHub,2021,2021-11
oa_pdf/78/11/zr-42-6-692.PMC8645884.pdf,1,SourceForge,2021,2021-11
oa_pdf/78/17/nihms-1524298.PMC6435281.pdf,1,Bitbucket,2019,2019-02
oa_pdf/78/17/nihms-1524298.PMC6435281.pdf,3,GitHub,2019,2019-02
oa_pdf/78/8b/1615.PMC6239171.pdf,1,SourceForge,2018,2018-12
oa_pdf/78/8b/1615.PMC6239171.pdf,3,GitHub,2018,2018-12
oa_pdf/79/64/dkz363.PMC6857192.pdf,1,SourceForge,2019,2019-12
oa_pdf/79/64/dkz363.PMC6857192.pdf,5,GitHub,2019,2019-12
oa_pdf/79/f4/gkz818.PMC6868392.pdf,1,SourceForge,2019,2019-12
oa_pdf/79/f4/gkz818.PMC6868392.pdf,2,Bitbucket,2019,2019-12
oa_pdf/7a/35/aaw7781.PMC6739093.pdf,1,Bitbucket,2019,2019-09
oa_pdf/7a/35/aaw7781.PMC6739093.pdf,1,SourceForge,2019,2019-09
oa_pdf/7b/03/10.1177_1176934318810785.PMC6287321.pdf,1,GitHub,2018,2018-11
oa_pdf/7b/03/10.1177_1176934318810785.PMC6287321.pdf,2,SourceForge,2018,2018-11
oa_pdf/7c/09/nihms-1759313.PMC8668154.pdf,3,SourceForge,2021,2021-11
oa_pdf/7c/09/nihms-1759313.PMC8668154.pdf,5,GitHub,2021,2021-11
oa_pdf/7c/c2/gky917.PMC6265468.pdf,1,GitLab,2018,2018-11
oa_pdf/7c/c2/gky917.PMC6265468.pdf,2,GitHub,2018,2018-11
oa_pdf/7c/c2/gky917.PMC6265468.pdf,2,SourceForge,2018,2018-11
oa_pdf/7d/16/main.PMC8728308.pdf,1,Bitbucket,2021,2021-12
oa_pdf/7d/16/main.PMC8728308.pdf,9,GitHub,2021,2021-12
oa_pdf/7e/79/TBED-67-133.PMC7003861.pdf,1,GitHub,2020,2020-01
oa_pdf/7e/79/TBED-67-133.PMC7003861.pdf,1,SourceForge,2020,2020-01
oa_pdf/7e/7e/evac039.PMC8995043.pdf,1,GitHub,2022,2022-03
oa_pdf/7e/7e/evac039.PMC8995043.pdf,1,SourceForge,2022,2022-03
oa_pdf/7f/31/nihms-1735646.PMC8409102.pdf,1,SourceForge,2021,2021-08
oa_pdf/7f/31/nihms-1735646.PMC8409102.pdf,15,GitHub,2021,2021-08
oa_pdf/7f/52/CAS-110-2973.PMC6726683.pdf,1,Bitbucket,2019,2019-09
oa_pdf/7f/52/CAS-110-2973.PMC6726683.pdf,1,GitHub,2019,2019-09
oa_pdf/7f/52/CAS-110-2973.PMC6726683.pdf,4,SourceForge,2019,2019-09
oa_pdf/80/73/main.PMC8672047.pdf,1,SourceForge,2021,2021-12
oa_pdf/80/73/main.PMC8672047.pdf,6,GitHub,2021,2021-12
oa_pdf/80/76/nihms-1516651.PMC6342284.pdf,2,GitHub,2018,2018-12
oa_pdf/80/76/nihms-1516651.PMC6342284.pdf,2,SourceForge,2018,2018-12
oa_pdf/80/b8/nihms-1545819.PMC6922003.pdf,1,SourceForge,2019,2019-12
oa_pdf/80/b8/nihms-1545819.PMC6922003.pdf,2,GitHub,2019,2019-12
oa_pdf/81/42/btaa489.PMC7355250.pdf,1,GitHub,2020,2020-07
oa_pdf/81/42/btaa489.PMC7355250.pdf,1,SourceForge,2020,2020-07
oa_pdf/81/b7/nihms925908.PMC5752578.pdf,2,GitHub,2018,2018-01
oa_pdf/81/b7/nihms925908.PMC5752578.pdf,2,SourceForge,2018,2018-01
oa_pdf/82/53/main.PMC8710556.pdf,1,Bitbucket,2021,2021-11
oa_pdf/82/53/main.PMC8710556.pdf,20,GitHub,2021,2021-11
oa_pdf/82/7d/main.PMC8655131.pdf,2,SourceForge,2021,2021-02
oa_pdf/82/7d/main.PMC8655131.pdf,4,GitHub,2021,2021-02
oa_pdf/82/d9/10.1177_1176934317742613.PMC5768271.pdf,10,GitHub,2018,2018-01
oa_pdf/82/d9/10.1177_1176934317742613.PMC5768271.pdf,4,SourceForge,2018,2018-01
oa_pdf/85/35/msab310.PMC8760942.pdf,1,GitHub,2021,2021-10
oa_pdf/85/35/msab310.PMC8760942.pdf,4,GitLab,2021,2021-10
oa_pdf/87/48/BCJ-478-3741.PMC8589331.pdf,1,SourceForge,2021,2021-10
oa_pdf/87/48/BCJ-478-3741.PMC8589331.pdf,2,GitHub,2021,2021-10
oa_pdf/87/4a/evv104.PMC4494067.pdf,1,GitHub,2015,2015-05
oa_pdf/87/4a/evv104.PMC4494067.pdf,1,SourceForge,2015,2015-05
oa_pdf/88/51/mbc-32-br9.PMC8693966.pdf,2,GitHub,2021,2021-11
oa_pdf/88/51/mbc-32-br9.PMC8693966.pdf,2,SourceForge,2021,2021-11
oa_pdf/89/8d/nihms-1791868.PMC8995392.pdf,1,SourceForge,2022,2022-03
oa_pdf/89/8d/nihms-1791868.PMC8995392.pdf,2,GitHub,2022,2022-03
oa_pdf/89/ed/main.PMC8640597.pdf,1,GitLab,2021,2021-08
oa_pdf/89/ed/main.PMC8640597.pdf,3,GitHub,2021,2021-08
oa_pdf/89/fb/main.PMC6093082.pdf,1,GitHub,2018,2018-08
oa_pdf/89/fb/main.PMC6093082.pdf,1,SourceForge,2018,2018-08
oa_pdf/8a/70/TPJ-107-1056.PMC8519057.pdf,1,SourceForge,2021,2021-08
oa_pdf/8a/70/TPJ-107-1056.PMC8519057.pdf,4,GitHub,2021,2021-08
oa_pdf/8a/d2/nihms-1724257.PMC8315893.pdf,1,SourceForge,2021,2021-07
oa_pdf/8a/d2/nihms-1724257.PMC8315893.pdf,4,GitHub,2021,2021-07
oa_pdf/8a/f5/IMCB-99-146.PMC7891608.pdf,1,Bitbucket,2021,2021-02
oa_pdf/8a/f5/IMCB-99-146.PMC7891608.pdf,1,SourceForge,2021,2021-02
oa_pdf/8a/f5/IMCB-99-146.PMC7891608.pdf,7,GitHub,2021,2021-02
oa_pdf/8a/f9/nihms-1523290.PMC6428223.pdf,1,SourceForge,2019,2019-03
oa_pdf/8a/f9/nihms-1523290.PMC6428223.pdf,2,GitHub,2019,2019-03
oa_pdf/8c/e7/main.PMC7817874.pdf,1,Bitbucket,2021,2021-01
oa_pdf/8c/e7/main.PMC7817874.pdf,1,SourceForge,2021,2021-01
oa_pdf/8c/e7/main.PMC7817874.pdf,9,GitHub,2021,2021-01
oa_pdf/8d/6c/356.PMC6396421.pdf,1,Bitbucket,2019,2019-03
oa_pdf/8d/6c/356.PMC6396421.pdf,1,GitHub,2019,2019-03
oa_pdf/8e/12/APS3-9-e11407.PMC7845765.pdf,1,Bitbucket,2021,2021-01
oa_pdf/8e/12/APS3-9-e11407.PMC7845765.pdf,1,SourceForge,2021,2021-01
oa_pdf/8e/12/APS3-9-e11407.PMC7845765.pdf,2,GitHub,2021,2021-01
oa_pdf/8e/41/main.PMC6933173.pdf,3,GitHub,2020,2020-01
oa_pdf/8e/41/main.PMC6933173.pdf,7,SourceForge,2020,2020-01
oa_pdf/8e/68/CAS-110-1464.PMC6447855.pdf,1,GitHub,2019,2019-04
oa_pdf/8e/68/CAS-110-1464.PMC6447855.pdf,1,SourceForge,2019,2019-04
oa_pdf/8f/b1/main.PMC5790571.pdf,1,GitHub,2017,2017-07
oa_pdf/8f/b1/main.PMC5790571.pdf,1,SourceForge,2017,2017-07
oa_pdf/90/b3/rrt014.PMC3766286.pdf,1,GitHub,2013,2013-09
oa_pdf/90/b3/rrt014.PMC3766286.pdf,1,SourceForge,2013,2013-09
oa_pdf/90/d7/main.PMC8426468.pdf,1,GitHub,2021,2021-08
oa_pdf/90/d7/main.PMC8426468.pdf,1,SourceForge,2021,2021-08
oa_pdf/91/16/evx030.PMC5381539.pdf,1,SourceForge,2017,2017-03
oa_pdf/91/16/evx030.PMC5381539.pdf,5,GitHub,2017,2017-03
oa_pdf/91/8c/msy232.PMC6389321.pdf,1,GitHub,2019,2019-03
oa_pdf/91/8c/msy232.PMC6389321.pdf,1,SourceForge,2019,2019-03
oa_pdf/92/e6/btz426.PMC6901067.pdf,1,SourceForge,2019,2019-12
oa_pdf/92/e6/btz426.PMC6901067.pdf,4,GitHub,2019,2019-12
oa_pdf/93/82/lqab013.PMC7902234.pdf,1,Bitbucket,2021,2021-02
oa_pdf/93/82/lqab013.PMC7902234.pdf,6,GitHub,2021,2021-02
oa_pdf/93/c2/SNI-9-157.PMC6094492.pdf,2,SourceForge,2018,2018-08
oa_pdf/93/c2/SNI-9-157.PMC6094492.pdf,4,GitHub,2018,2018-08
oa_pdf/94/73/main.PMC8590084.pdf,1,Bitbucket,2021,2021-10
oa_pdf/94/73/main.PMC8590084.pdf,2,SourceForge,2021,2021-10
oa_pdf/94/73/main.PMC8590084.pdf,9,GitHub,2021,2021-10
oa_pdf/94/75/main.PMC7868615.pdf,2,GitHub,2021,2021-02
oa_pdf/94/75/main.PMC7868615.pdf,2,SourceForge,2021,2021-02
oa_pdf/95/64/nihms-1514166.PMC6321629.pdf,1,Bitbucket,2018,2018-11
oa_pdf/95/64/nihms-1514166.PMC6321629.pdf,1,GitHub,2018,2018-11
oa_pdf/96/3c/msy179.PMC6231487.pdf,1,SourceForge,2018,2018-11
oa_pdf/96/3c/msy179.PMC6231487.pdf,2,GitHub,2018,2018-11
oa_pdf/96/7d/nihms-1674682.PMC7951951.pdf,1,SourceForge,2021,2021-02
oa_pdf/96/7d/nihms-1674682.PMC7951951.pdf,4,GitHub,2021,2021-02
oa_pdf/96/e8/68_17124.PMC6081294.pdf,1,GitHub,2018,2018-06
oa_pdf/96/e8/68_17124.PMC6081294.pdf,1,SourceForge,2018,2018-06
oa_pdf/96/ef/evab236.PMC8598198.pdf,1,GitHub,2021,2021-10
oa_pdf/96/ef/evab236.PMC8598198.pdf,1,SourceForge,2021,2021-10
oa_pdf/97/e3/gky626.PMC6212779.pdf,1,Bitbucket,2018,2018-11
oa_pdf/97/e3/gky626.PMC6212779.pdf,1,GitHub,2018,2018-11
oa_pdf/97/fb/main.PMC8991511.pdf,1,Bitbucket,2021,2021-10
oa_pdf/97/fb/main.PMC8991511.pdf,1,GitHub,2021,2021-10
oa_pdf/98/34/gkz1074.PMC6954398.pdf,1,GitHub,2020,2020-01
oa_pdf/98/34/gkz1074.PMC6954398.pdf,1,SourceForge,2020,2020-01
oa_pdf/98/9e/dkab393.PMC8809189.pdf,1,GitHub,2021,2021-11
oa_pdf/98/9e/dkab393.PMC8809189.pdf,1,SourceForge,2021,2021-11
oa_pdf/98/d9/main.PMC6941874.pdf,1,Bitbucket,2019,2019-12
oa_pdf/98/d9/main.PMC6941874.pdf,3,GitHub,2019,2019-12
oa_pdf/99/fc/nihms-1515792.PMC6336197.pdf,1,SourceForge,2018,2018-11
oa_pdf/99/fc/nihms-1515792.PMC6336197.pdf,2,GitHub,2018,2018-11
oa_pdf/9a/fe/main.PMC8633866.pdf,10,GitHub,2021,2021-11
oa_pdf/9a/fe/main.PMC8633866.pdf,2,SourceForge,2021,2021-11
oa_pdf/9c/46/nihms-1522767.PMC6582983.pdf,1,GitHub,2019,2019-02
oa_pdf/9c/46/nihms-1522767.PMC6582983.pdf,2,SourceForge,2019,2019-02
oa_pdf/9c/97/main.PMC7013242.pdf,1,Bitbucket,2020,2020-01
oa_pdf/9c/97/main.PMC7013242.pdf,1,SourceForge,2020,2020-01
oa_pdf/9c/97/main.PMC7013242.pdf,15,GitHub,2020,2020-01
oa_pdf/9c/da/abc3847.PMC7875535.pdf,1,GitHub,2021,2021-02
oa_pdf/9c/da/abc3847.PMC7875535.pdf,1,SourceForge,2021,2021-02
oa_pdf/9e/45/nihms-1755177.PMC9012449.pdf,1,Bitbucket,2021,2021-11
oa_pdf/9e/45/nihms-1755177.PMC9012449.pdf,1,GitHub,2021,2021-11
oa_pdf/9e/45/nihms-1755177.PMC9012449.pdf,1,SourceForge,2021,2021-11
oa_pdf/9e/4a/nihms-1544230.PMC6910234.pdf,1,GitHub,2019,2019-11
oa_pdf/9e/4a/nihms-1544230.PMC6910234.pdf,1,SourceForge,2019,2019-11
oa_pdf/9e/ec/mv-v26-291.PMC7155891.pdf,1,GitHub,2020,2020-04
oa_pdf/9e/ec/mv-v26-291.PMC7155891.pdf,1,SourceForge,2020,2020-04
oa_pdf/9f/34/nihms-1703954.PMC8197658.pdf,4,SourceForge,2021,2021-01
oa_pdf/9f/34/nihms-1703954.PMC8197658.pdf,5,GitHub,2021,2021-01
oa_pdf/a0/12/pnas.201812865.PMC6294933.pdf,1,Bitbucket,2018,2018-12
oa_pdf/a0/12/pnas.201812865.PMC6294933.pdf,1,SourceForge,2018,2018-12
oa_pdf/a0/12/pnas.201812865.PMC6294933.pdf,4,GitHub,2018,2018-12
oa_pdf/a0/53/nihms-1528293.PMC6508629.pdf,1,SourceForge,2019,2019-04
oa_pdf/a0/53/nihms-1528293.PMC6508629.pdf,5,GitHub,2019,2019-04
oa_pdf/a0/b0/nihms-1763135.PMC8730464.pdf,1,GitHub,2021,2021-12
oa_pdf/a0/b0/nihms-1763135.PMC8730464.pdf,1,SourceForge,2021,2021-12
oa_pdf/a1/32/evw016.PMC4824170.pdf,1,SourceForge,2016,2016-03
oa_pdf/a1/32/evw016.PMC4824170.pdf,4,GitHub,2016,2016-03
oa_pdf/a1/86/CG-20-90.PMC6728899.pdf,1,Bitbucket,2019,2019-02
oa_pdf/a1/86/CG-20-90.PMC6728899.pdf,2,GitHub,2019,2019-02
oa_pdf/a1/86/CG-20-90.PMC6728899.pdf,2,SourceForge,2019,2019-02
oa_pdf/a2/01/hgv201811.PMC5874396.pdf,1,GitHub,2018,2018-03
oa_pdf/a2/01/hgv201811.PMC5874396.pdf,1,SourceForge,2018,2018-03
oa_pdf/a2/5e/nihms-1510876.PMC6276789.pdf,1,SourceForge,2018,2018-10
oa_pdf/a2/5e/nihms-1510876.PMC6276789.pdf,3,GitHub,2018,2018-10
oa_pdf/a3/43/main.PMC8714941.pdf,1,SourceForge,2021,2021-12
oa_pdf/a3/43/main.PMC8714941.pdf,9,GitHub,2021,2021-12
oa_pdf/a3/e9/main.PMC8524244.pdf,1,GitHub,2021,2021-10
oa_pdf/a3/e9/main.PMC8524244.pdf,1,SourceForge,2021,2021-10
oa_pdf/a4/74/btz950.PMC7178405.pdf,1,Bitbucket,2020,2020-04
oa_pdf/a4/74/btz950.PMC7178405.pdf,1,GitLab,2020,2020-04
oa_pdf/a5/03/nihms-1735654.PMC8431781.pdf,1,SourceForge,2021,2021-08
oa_pdf/a5/03/nihms-1735654.PMC8431781.pdf,2,GitHub,2021,2021-08
oa_pdf/a5/4b/MEC-25-1058.PMC4793928.pdf,1,GitHub,2016,2016-03
oa_pdf/a5/4b/MEC-25-1058.PMC4793928.pdf,1,SourceForge,2016,2016-03
oa_pdf/a5/ab/nihms-1759317.PMC8647622.pdf,1,SourceForge,2021,2021-11
oa_pdf/a5/ab/nihms-1759317.PMC8647622.pdf,3,GitHub,2021,2021-11
oa_pdf/a5/bb/main.PMC8760558.pdf,1,GitLab,2021,2021-12
oa_pdf/a5/bb/main.PMC8760558.pdf,16,GitHub,2021,2021-12
oa_pdf/a6/f2/evw023.PMC4824031.pdf,1,GitHub,2016,2016-02
oa_pdf/a6/f2/evw023.PMC4824031.pdf,1,SourceForge,2016,2016-02
oa_pdf/a7/13/gky512.PMC6158492.pdf,1,GitHub,2018,2018-09
oa_pdf/a7/13/gky512.PMC6158492.pdf,1,SourceForge,2018,2018-09
oa_pdf/a7/c7/dsz022.PMC7207078.pdf,1,GitHub,2019,2019-12
oa_pdf/a7/c7/dsz022.PMC7207078.pdf,1,SourceForge,2019,2019-12
oa_pdf/a8/0f/main.PMC6084836.pdf,11,GitHub,2018,2018-02
oa_pdf/a8/0f/main.PMC6084836.pdf,2,SourceForge,2018,2018-02
oa_pdf/a8/f4/ciaa015.PMC7840112.pdf,1,SourceForge,2020,2020-01
oa_pdf/a8/f4/ciaa015.PMC7840112.pdf,2,GitHub,2020,2020-01
oa_pdf/a9/5e/kja-21080.PMC8497909.pdf,1,SourceForge,2021,2021-10
oa_pdf/a9/5e/kja-21080.PMC8497909.pdf,2,GitHub,2021,2021-10
oa_pdf/aa/4f/nihms-1549892.PMC7024586.pdf,1,GitHub,2020,2020-01
oa_pdf/aa/4f/nihms-1549892.PMC7024586.pdf,1,SourceForge,2020,2020-01
oa_pdf/aa/53/main.PMC8529556.pdf,1,GitHub,2021,2021-10
oa_pdf/aa/53/main.PMC8529556.pdf,1,SourceForge,2021,2021-10
oa_pdf/aa/5a/nihms-1523405.PMC6449498.pdf,1,SourceForge,2019,2019-03
oa_pdf/aa/5a/nihms-1523405.PMC6449498.pdf,3,GitHub,2019,2019-03
oa_pdf/aa/9c/mgen-7-0740.PMC8767343.pdf,1,GitLab,2021,2021-12
oa_pdf/aa/9c/mgen-7-0740.PMC8767343.pdf,3,GitHub,2021,2021-12
oa_pdf/aa/df/main.PMC5640684.pdf,2,Bitbucket,2016,2016-02
oa_pdf/aa/df/main.PMC5640684.pdf,2,GitHub,2016,2016-02
oa_pdf/aa/df/main.PMC5640684.pdf,2,SourceForge,2016,2016-02
oa_pdf/aa/f7/vey019.PMC6054257.pdf,1,SourceForge,2018,2018-07
oa_pdf/aa/f7/vey019.PMC6054257.pdf,2,GitHub,2018,2018-07
oa_pdf/ab/b9/CAS-112-4393.PMC8486187.pdf,1,SourceForge,2021,2021-10
oa_pdf/ab/b9/CAS-112-4393.PMC8486187.pdf,2,GitHub,2021,2021-10
oa_pdf/ad/63/nihms-1735653.PMC8430043.pdf,1,SourceForge,2021,2021-08
oa_pdf/ad/63/nihms-1735653.PMC8430043.pdf,4,GitHub,2021,2021-08
oa_pdf/af/cb/nihms-1514164.PMC6296757.pdf,1,GitHub,2018,2018-11
oa_pdf/af/cb/nihms-1514164.PMC6296757.pdf,3,SourceForge,2018,2018-11
oa_pdf/b0/ee/main.PMC8379522.pdf,1,Bitbucket,2021,2021-08
oa_pdf/b0/ee/main.PMC8379522.pdf,2,SourceForge,2021,2021-08
oa_pdf/b0/ee/main.PMC8379522.pdf,4,GitHub,2021,2021-08
oa_pdf/b1/20/MGG3-9-e1823.PMC8606199.pdf,1,GitHub,2021,2021-10
oa_pdf/b1/20/MGG3-9-e1823.PMC8606199.pdf,1,SourceForge,2021,2021-10
oa_pdf/b1/49/PLD3-6-e388.PMC8977575.pdf,1,SourceForge,2022,2022-04
oa_pdf/b1/49/PLD3-6-e388.PMC8977575.pdf,5,GitHub,2022,2022-04
oa_pdf/b1/b6/nihms-1505381.PMC6153266.pdf,1,SourceForge,2018,2018-08
oa_pdf/b1/b6/nihms-1505381.PMC6153266.pdf,2,GitHub,2018,2018-08
oa_pdf/b1/f9/nihms-1544232.PMC6905433.pdf,2,SourceForge,2019,2019-11
oa_pdf/b1/f9/nihms-1544232.PMC6905433.pdf,3,GitHub,2019,2019-11
oa_pdf/b4/ff/pnas.201811728.PMC6140489.pdf,1,GitHub,2018,2018-09
oa_pdf/b4/ff/pnas.201811728.PMC6140489.pdf,1,SourceForge,2018,2018-09
oa_pdf/b5/65/etm-21-02-09554.PMC7739849.pdf,1,GitHub,2021,2021-02
oa_pdf/b5/65/etm-21-02-09554.PMC7739849.pdf,1,SourceForge,2021,2021-02
oa_pdf/b5/af/main.PMC8561166.pdf,1,Bitbucket,2021,2021-10
oa_pdf/b5/af/main.PMC8561166.pdf,3,SourceForge,2021,2021-10
oa_pdf/b5/af/main.PMC8561166.pdf,4,GitHub,2021,2021-10
oa_pdf/b5/c5/nihms-1749755.PMC8582597.pdf,1,SourceForge,2021,2021-10
oa_pdf/b5/c5/nihms-1749755.PMC8582597.pdf,6,GitHub,2021,2021-10
oa_pdf/b6/d3/nihpp-2021.11.23.469714v1.PMC8629192.pdf,1,GitHub,2021,2021-11
oa_pdf/b6/d3/nihpp-2021.11.23.469714v1.PMC8629192.pdf,1,GitLab,2021,2021-11
oa_pdf/b7/1d/main.PMC8321697.pdf,1,GitHub,2021,2021-07
oa_pdf/b7/1d/main.PMC8321697.pdf,1,SourceForge,2021,2021-07
oa_pdf/b7/6b/main.PMC8294598.pdf,10,GitHub,2021,2021-07
oa_pdf/b7/6b/main.PMC8294598.pdf,2,SourceForge,2021,2021-07
oa_pdf/b7/83/msab296.PMC8763131.pdf,1,Bitbucket,2021,2021-10
oa_pdf/b7/83/msab296.PMC8763131.pdf,1,GitHub,2021,2021-10
oa_pdf/b8/23/main.PMC8561238.pdf,1,GitHub,2021,2021-10
oa_pdf/b8/23/main.PMC8561238.pdf,2,SourceForge,2021,2021-10
oa_pdf/b8/cd/main.PMC8536786.pdf,1,SourceForge,2021,2021-10
oa_pdf/b8/cd/main.PMC8536786.pdf,3,GitHub,2021,2021-10
oa_pdf/ba/22/mgen-7-0655.PMC8627206.pdf,1,GitLab,2021,2021-10
oa_pdf/ba/22/mgen-7-0655.PMC8627206.pdf,2,GitHub,2021,2021-10
oa_pdf/ba/c8/evy003.PMC5793845.pdf,1,GitHub,2018,2018-01
oa_pdf/ba/c8/evy003.PMC5793845.pdf,1,SourceForge,2018,2018-01
oa_pdf/bc/ce/nihms-1582931.PMC7215899.pdf,1,GitHub,2020,2020-04
oa_pdf/bc/ce/nihms-1582931.PMC7215899.pdf,1,SourceForge,2020,2020-04
oa_pdf/bd/6e/evx115.PMC5554438.pdf,1,SourceForge,2017,2017-07
oa_pdf/bd/6e/evx115.PMC5554438.pdf,3,GitHub,2017,2017-07
oa_pdf/be/a7/gkw419.PMC4987948.pdf,1,GitHub,2016,2016-07
oa_pdf/be/a7/gkw419.PMC4987948.pdf,1,SourceForge,2016,2016-07
oa_pdf/c1/4d/main.PMC8273359.pdf,15,GitHub,2021,2021-07
oa_pdf/c1/4d/main.PMC8273359.pdf,2,Bitbucket,2021,2021-07
oa_pdf/c1/c2/mgen-7-0704.PMC8767346.pdf,1,SourceForge,2021,2021-12
oa_pdf/c1/c2/mgen-7-0704.PMC8767346.pdf,4,GitHub,2021,2021-12
oa_pdf/c1/cc/main.PMC8786646.pdf,1,GitHub,2021,2021-12
oa_pdf/c1/cc/main.PMC8786646.pdf,1,SourceForge,2021,2021-12
oa_pdf/c2/dd/pgpm-14-61.PMC7812041.pdf,1,SourceForge,2021,2021-01
oa_pdf/c2/dd/pgpm-14-61.PMC7812041.pdf,4,GitHub,2021,2021-01
oa_pdf/c3/d6/gky643.PMC6182165.pdf,1,SourceForge,2018,2018-10
oa_pdf/c3/d6/gky643.PMC6182165.pdf,2,GitHub,2018,2018-10
oa_pdf/c3/f7/main.PMC8384913.pdf,2,SourceForge,2021,2021-08
oa_pdf/c3/f7/main.PMC8384913.pdf,3,GitHub,2021,2021-08
oa_pdf/c4/89/msz177.PMC6878955.pdf,1,Bitbucket,2019,2019-12
oa_pdf/c4/89/msz177.PMC6878955.pdf,1,GitHub,2019,2019-12
oa_pdf/c5/24/gkx383.PMC5570197.pdf,2,GitHub,2017,2017-07
oa_pdf/c5/24/gkx383.PMC5570197.pdf,2,SourceForge,2017,2017-07
oa_pdf/c5/42/bbt074.PMC4364064.pdf,1,Bitbucket,2015,2015-03
oa_pdf/c5/42/bbt074.PMC4364064.pdf,2,SourceForge,2015,2015-03
oa_pdf/c5/a5/gky1305.PMC6411930.pdf,1,SourceForge,2019,2019-03
oa_pdf/c5/a5/gky1305.PMC6411930.pdf,2,GitHub,2019,2019-03
oa_pdf/c5/a9/main.PMC8572862.pdf,1,Bitbucket,2021,2021-10
oa_pdf/c5/a9/main.PMC8572862.pdf,26,GitHub,2021,2021-10
oa_pdf/c6/0d/nihms-1791870.PMC9015815.pdf,2,SourceForge,2022,2022-03
oa_pdf/c6/0d/nihms-1791870.PMC9015815.pdf,3,GitHub,2022,2022-03
oa_pdf/c9/29/main.PMC8651518.pdf,2,GitHub,2021,2021-12
oa_pdf/c9/29/main.PMC8651518.pdf,2,SourceForge,2021,2021-12
oa_pdf/c9/4b/jkab268.PMC8527471.pdf,1,GitLab,2021,2021-08
oa_pdf/c9/4b/jkab268.PMC8527471.pdf,9,GitHub,2021,2021-08
oa_pdf/c9/6c/bby065.PMC6954391.pdf,3,SourceForge,2018,2018-07
oa_pdf/c9/6c/bby065.PMC6954391.pdf,4,GitHub,2018,2018-07
oa_pdf/ca/b2/nihms-1735384.PMC8415641.pdf,3,GitLab,2021,2021-08
oa_pdf/ca/b2/nihms-1735384.PMC8415641.pdf,4,GitHub,2021,2021-08
oa_pdf/cb/14/syaa055.PMC7875446.pdf,1,Bitbucket,2020,2020-07
oa_pdf/cb/14/syaa055.PMC7875446.pdf,1,GitHub,2020,2020-07
oa_pdf/cb/34/main.PMC8403681.pdf,1,SourceForge,2021,2021-08
oa_pdf/cb/34/main.PMC8403681.pdf,7,GitHub,2021,2021-08
oa_pdf/cb/af/main.PMC7890178.pdf,1,SourceForge,2021,2021-01
oa_pdf/cb/af/main.PMC7890178.pdf,3,GitHub,2021,2021-01
oa_pdf/cc/59/APS3-9-e11439.PMC8272584.pdf,1,GitHub,2021,2021-07
oa_pdf/cc/59/APS3-9-e11439.PMC8272584.pdf,1,GitLab,2021,2021-07
oa_pdf/cc/59/APS3-9-e11439.PMC8272584.pdf,1,SourceForge,2021,2021-07
oa_pdf/cc/7d/ao1c06976.PMC8973106.pdf,1,Bitbucket,2022,2022-03
oa_pdf/cc/7d/ao1c06976.PMC8973106.pdf,1,GitHub,2022,2022-03
oa_pdf/cd/8b/APS3-9-.PMC8312746.pdf,1,SourceForge,2021,2021-07
oa_pdf/cd/8b/APS3-9-.PMC8312746.pdf,3,GitHub,2021,2021-07
oa_pdf/d0/09/PSP4-10-1310.PMC8592516.pdf,1,GitHub,2021,2021-11
oa_pdf/d0/09/PSP4-10-1310.PMC8592516.pdf,1,SourceForge,2021,2021-11
oa_pdf/d0/39/jgc-18-200.PMC6026709.pdf,1,GitHub,2018,2018-06
oa_pdf/d0/39/jgc-18-200.PMC6026709.pdf,1,SourceForge,2018,2018-06
oa_pdf/d1/52/nihms-1544237.PMC6884087.pdf,1,GitHub,2019,2019-11
oa_pdf/d1/52/nihms-1544237.PMC6884087.pdf,1,SourceForge,2019,2019-11
oa_pdf/d3/e7/gkt126.PMC3627598.pdf,1,GitHub,2013,2013-04
oa_pdf/d3/e7/gkt126.PMC3627598.pdf,1,SourceForge,2013,2013-04
oa_pdf/d4/10/bts258.PMC3371871.pdf,1,GitHub,2012,2012-06
oa_pdf/d4/10/bts258.PMC3371871.pdf,2,SourceForge,2012,2012-06
oa_pdf/d4/3b/nihms-1746311.PMC8530517.pdf,1,SourceForge,2021,2021-10
oa_pdf/d4/3b/nihms-1746311.PMC8530517.pdf,2,GitHub,2021,2021-10
oa_pdf/d4/8f/GEPI-43-63.PMC6375696.pdf,1,SourceForge,2019,2019-02
oa_pdf/d4/8f/GEPI-43-63.PMC6375696.pdf,2,GitHub,2019,2019-02
oa_pdf/d4/f0/PO.18.00002.PMC7446430.pdf,1,GitHub,2018,2018-07
oa_pdf/d4/f0/PO.18.00002.PMC7446430.pdf,1,SourceForge,2018,2018-07
oa_pdf/d5/79/main.PMC7821035.pdf,1,SourceForge,2021,2021-01
oa_pdf/d5/79/main.PMC7821035.pdf,4,GitHub,2021,2021-01
oa_pdf/d5/c5/ol-22-01-12820.PMC8161460.pdf,2,SourceForge,2021,2021-07
oa_pdf/d5/c5/ol-22-01-12820.PMC8161460.pdf,5,GitHub,2021,2021-07
oa_pdf/d5/fe/main.PMC8087252.pdf,1,SourceForge,2021,2021-01
oa_pdf/d5/fe/main.PMC8087252.pdf,15,GitHub,2021,2021-01
oa_pdf/d6/de/main.PMC8346656.pdf,1,Bitbucket,2021,2021-07
oa_pdf/d6/de/main.PMC8346656.pdf,5,GitHub,2021,2021-07
oa_pdf/d7/33/pnas.202026664.PMC8285917.pdf,1,GitHub,2021,2021-07
oa_pdf/d7/33/pnas.202026664.PMC8285917.pdf,1,GitLab,2021,2021-07
oa_pdf/d9/4a/gkab626.PMC8421228.pdf,1,GitHub,2021,2021-07
oa_pdf/d9/4a/gkab626.PMC8421228.pdf,1,SourceForge,2021,2021-07
oa_pdf/da/b4/mgen-7-0591.PMC8477399.pdf,1,GitHub,2021,2021-07
oa_pdf/da/b4/mgen-7-0591.PMC8477399.pdf,1,SourceForge,2021,2021-07
oa_pdf/da/cc/nihms-1543630.PMC7297508.pdf,2,SourceForge,2019,2019-09
oa_pdf/da/cc/nihms-1543630.PMC7297508.pdf,3,GitHub,2019,2019-09
oa_pdf/db/16/PBI-19-2544.PMC8633516.pdf,1,Bitbucket,2021,2021-12
oa_pdf/db/16/PBI-19-2544.PMC8633516.pdf,10,GitHub,2021,2021-12
oa_pdf/db/1b/bbz151.PMC7820841.pdf,1,GitHub,2019,2019-12
oa_pdf/db/1b/bbz151.PMC7820841.pdf,2,SourceForge,2019,2019-12
oa_pdf/db/d3/btab093.PMC8388037.pdf,1,GitLab,2021,2021-02
oa_pdf/db/d3/btab093.PMC8388037.pdf,5,GitHub,2021,2021-02
oa_pdf/db/f6/ftv019.PMC4445005.pdf,1,GitHub,2015,2015-06
oa_pdf/db/f6/ftv019.PMC4445005.pdf,1,SourceForge,2015,2015-06
oa_pdf/dd/1f/NRR-17-682.PMC8504399.pdf,1,GitHub,2021,2021-08
oa_pdf/dd/1f/NRR-17-682.PMC8504399.pdf,1,SourceForge,2021,2021-08
oa_pdf/dd/e0/main.PMC6838873.pdf,1,GitHub,2019,2019-11
oa_pdf/dd/e0/main.PMC6838873.pdf,1,SourceForge,2019,2019-11
oa_pdf/dd/fb/nihms-1764643.PMC8722030.pdf,3,Bitbucket,2021,2021-12
oa_pdf/dd/fb/nihms-1764643.PMC8722030.pdf,3,SourceForge,2021,2021-12
oa_pdf/dd/fb/nihms-1764643.PMC8722030.pdf,6,GitHub,2021,2021-12
oa_pdf/df/59/nihms-991890.PMC6301014.pdf,1,SourceForge,2018,2018-08
oa_pdf/df/59/nihms-991890.PMC6301014.pdf,3,GitHub,2018,2018-08
oa_pdf/df/8f/nihms-1758994.PMC8654278.pdf,1,SourceForge,2021,2021-11
oa_pdf/df/8f/nihms-1758994.PMC8654278.pdf,2,GitHub,2021,2021-11
oa_pdf/df/c1/i-perception-5-75.PMC4130510.pdf,1,Bitbucket,2014,2014-02
oa_pdf/df/c1/i-perception-5-75.PMC4130510.pdf,2,GitHub,2014,2014-02
oa_pdf/df/db/medi-96-e7240.PMC5484233.pdf,1,GitHub,2017,2017-06
oa_pdf/df/db/medi-96-e7240.PMC5484233.pdf,1,SourceForge,2017,2017-06
oa_pdf/e1/a2/nihms-1508956.PMC6475626.pdf,1,GitHub,2018,2018-09
oa_pdf/e1/a2/nihms-1508956.PMC6475626.pdf,1,SourceForge,2018,2018-09
oa_pdf/e1/a2/nihms-1508956.PMC6475626.pdf,2,Bitbucket,2018,2018-09
oa_pdf/e2/67/nihms-1516188.PMC6350781.pdf,1,Bitbucket,2018,2018-11
oa_pdf/e2/67/nihms-1516188.PMC6350781.pdf,1,SourceForge,2018,2018-11
oa_pdf/e3/37/main.PMC8591365.pdf,1,SourceForge,2021,2021-11
oa_pdf/e3/37/main.PMC8591365.pdf,3,GitHub,2021,2021-11
oa_pdf/e3/9d/mgen-7-0535.PMC8190612.pdf,1,GitHub,2021,2021-02
oa_pdf/e3/9d/mgen-7-0535.PMC8190612.pdf,1,SourceForge,2021,2021-02
oa_pdf/e4/6e/btab760.PMC8796369.pdf,1,GitLab,2021,2021-11
oa_pdf/e4/6e/btab760.PMC8796369.pdf,3,GitHub,2021,2021-11
oa_pdf/e4/cb/main.PMC7163060.pdf,1,Bitbucket,2020,2020-04
oa_pdf/e4/cb/main.PMC7163060.pdf,1,GitHub,2020,2020-04
oa_pdf/e5/42/nihms-1523323.PMC6754097.pdf,1,GitHub,2019,2019-03
oa_pdf/e5/42/nihms-1523323.PMC6754097.pdf,2,SourceForge,2019,2019-03
oa_pdf/e5/65/main.PMC8353497.pdf,1,SourceForge,2021,2021-07
oa_pdf/e5/65/main.PMC8353497.pdf,2,GitHub,2021,2021-07
oa_pdf/e5/f3/gky553.PMC6158501.pdf,1,GitHub,2018,2018-09
oa_pdf/e5/f3/gky553.PMC6158501.pdf,2,SourceForge,2018,2018-09
oa_pdf/e6/30/main.PMC7263628.pdf,1,SourceForge,2020,2020-04
oa_pdf/e6/30/main.PMC7263628.pdf,2,GitHub,2020,2020-04
oa_pdf/e6/4a/main.PMC9014386.pdf,14,GitHub,2022,2022-03
oa_pdf/e6/4a/main.PMC9014386.pdf,2,SourceForge,2022,2022-03
oa_pdf/e7/84/1700398.PMC5517105.pdf,1,GitHub,2017,2017-07
oa_pdf/e7/84/1700398.PMC5517105.pdf,2,SourceForge,2017,2017-07
oa_pdf/e7/9c/1382.PMC4561496.pdf,1,GitHub,2015,2015-09
oa_pdf/e7/9c/1382.PMC4561496.pdf,2,SourceForge,2015,2015-09
oa_pdf/e7/e1/nihms-1667156.PMC7899294.pdf,1,SourceForge,2021,2021-01
oa_pdf/e7/e1/nihms-1667156.PMC7899294.pdf,6,GitHub,2021,2021-01
oa_pdf/e8/ba/mgen-7-0711.PMC8767354.pdf,1,SourceForge,2021,2021-12
oa_pdf/e8/ba/mgen-7-0711.PMC8767354.pdf,4,GitHub,2021,2021-12
oa_pdf/ea/84/etm-23-05-11256.PMC8972837.pdf,1,GitHub,1922,1922-05
oa_pdf/ea/84/etm-23-05-11256.PMC8972837.pdf,1,SourceForge,1922,1922-05
oa_pdf/ea/a5/fiy185.PMC6167759.pdf,1,Bitbucket,2018,2018-09
oa_pdf/ea/a5/fiy185.PMC6167759.pdf,1,GitHub,2018,2018-09
oa_pdf/ea/c7/nihms-1747911.PMC8530274.pdf,1,Bitbucket,2021,2021-10
oa_pdf/ea/c7/nihms-1747911.PMC8530274.pdf,5,GitHub,2021,2021-10
oa_pdf/eb/9b/main.PMC7366105.pdf,1,Bitbucket,2020,2020-07
oa_pdf/eb/9b/main.PMC7366105.pdf,11,GitHub,2020,2020-07
oa_pdf/ec/6b/nihms-1677109.PMC8006058.pdf,1,SourceForge,2021,2021-02
oa_pdf/ec/6b/nihms-1677109.PMC8006058.pdf,14,GitHub,2021,2021-02
oa_pdf/ec/89/medi-95-e4109.PMC5058842.pdf,1,GitHub,2016,2016-07
oa_pdf/ec/89/medi-95-e4109.PMC5058842.pdf,1,SourceForge,2016,2016-07
oa_pdf/ec/d0/msz211.PMC6984367.pdf,1,GitHub,2020,2020-01
oa_pdf/ec/d0/msz211.PMC6984367.pdf,1,GitLab,2020,2020-01
oa_pdf/ed/31/bbaa386.PMC7929396.pdf,18,GitHub,2021,2021-01
oa_pdf/ed/31/bbaa386.PMC7929396.pdf,2,Bitbucket,2021,2021-01
oa_pdf/ed/31/bbaa386.PMC7929396.pdf,3,SourceForge,2021,2021-01
oa_pdf/ed/e7/nihms-1547115.PMC7262670.pdf,1,Bitbucket,2019,2019-12
oa_pdf/ed/e7/nihms-1547115.PMC7262670.pdf,1,SourceForge,2019,2019-12
oa_pdf/ed/e7/nihms-1547115.PMC7262670.pdf,8,GitHub,2019,2019-12
oa_pdf/ef/8b/nihms-1737336.PMC8454217.pdf,1,SourceForge,2021,2021-08
oa_pdf/ef/8b/nihms-1737336.PMC8454217.pdf,4,GitHub,2021,2021-08
oa_pdf/f0/50/nihms-1758707.PMC8941949.pdf,1,SourceForge,2021,2021-12
oa_pdf/f0/50/nihms-1758707.PMC8941949.pdf,28,GitHub,2021,2021-12
oa_pdf/f0/96/nihms-1722736.PMC8361856.pdf,1,GitHub,2021,2021-08
oa_pdf/f0/96/nihms-1722736.PMC8361856.pdf,1,SourceForge,2021,2021-08
oa_pdf/f0/a0/nihms-1051674.PMC6774618.pdf,1,GitHub,2019,2019-09
oa_pdf/f0/a0/nihms-1051674.PMC6774618.pdf,1,SourceForge,2019,2019-09
oa_pdf/f0/f4/main.PMC8733228.pdf,2,SourceForge,2021,2021-12
oa_pdf/f0/f4/main.PMC8733228.pdf,3,GitHub,2021,2021-12
oa_pdf/f1/40/106.PMC7749631.pdf,3,SourceForge,2021,2021-01
oa_pdf/f1/40/106.PMC7749631.pdf,5,GitHub,2021,2021-01
oa_pdf/f1/9e/kcbt-20-01-1504720.PMC6343684.pdf,1,GitHub,2018,2018-08
oa_pdf/f1/9e/kcbt-20-01-1504720.PMC6343684.pdf,1,SourceForge,2018,2018-08
oa_pdf/f2/02/gks1004.PMC3531110.pdf,1,GitHub,2013,2013-01
oa_pdf/f2/02/gks1004.PMC3531110.pdf,1,SourceForge,2013,2013-01
oa_pdf/f2/fe/nihms-1767648.PMC8762588.pdf,1,GitHub,2021,2021-12
oa_pdf/f2/fe/nihms-1767648.PMC8762588.pdf,2,SourceForge,2021,2021-12
oa_pdf/f5/73/bmjopen-2021-053377.PMC8719224.pdf,1,SourceForge,2021,2021-12
oa_pdf/f5/73/bmjopen-2021-053377.PMC8719224.pdf,2,GitHub,2021,2021-12
oa_pdf/f5/99/MEN-21-526.PMC7821259.pdf,2,GitHub,2021,2021-02
oa_pdf/f5/99/MEN-21-526.PMC7821259.pdf,2,SourceForge,2021,2021-02
oa_pdf/f6/c7/thnov08p0277.PMC5743474.pdf,1,Bitbucket,2018,2018-01
oa_pdf/f6/c7/thnov08p0277.PMC5743474.pdf,1,GitHub,2018,2018-01
oa_pdf/f6/e7/ONCO-26-e1161.PMC8265359.pdf,2,GitHub,2021,2021-07
oa_pdf/f6/e7/ONCO-26-e1161.PMC8265359.pdf,4,SourceForge,2021,2021-07
oa_pdf/f7/44/main.PMC6962658.pdf,3,GitHub,2020,2020-01
oa_pdf/f7/44/main.PMC6962658.pdf,3,SourceForge,2020,2020-01
oa_pdf/f7/50/veab068.PMC8438877.pdf,1,SourceForge,2021,2021-07
oa_pdf/f7/50/veab068.PMC8438877.pdf,2,GitHub,2021,2021-07
oa_pdf/f8/b1/nihms-1746305.PMC8532177.pdf,3,SourceForge,2021,2021-10
oa_pdf/f8/b1/nihms-1746305.PMC8532177.pdf,5,GitHub,2021,2021-10
oa_pdf/f8/c0/msy155.PMC6188560.pdf,1,GitHub,2018,2018-10
oa_pdf/f8/c0/msy155.PMC6188560.pdf,1,GitLab,2018,2018-10
oa_pdf/f9/03/main.PMC8728469.pdf,1,GitHub,2021,2021-12
oa_pdf/f9/03/main.PMC8728469.pdf,1,SourceForge,2021,2021-12
oa_pdf/f9/34/mBio.00055-13.PMC3648899.pdf,1,GitHub,2013,2013-04
oa_pdf/f9/34/mBio.00055-13.PMC3648899.pdf,1,SourceForge,2013,2013-04
oa_pdf/fb/b7/gkab541.PMC8450088.pdf,1,GitHub,2021,2021-07
oa_pdf/fb/b7/gkab541.PMC8450088.pdf,1,SourceForge,2021,2021-07
oa_pdf/fc/a8/btx228.PMC5870729.pdf,1,SourceForge,2017,2017-07
oa_pdf/fc/a8/btx228.PMC5870729.pdf,3,GitHub,2017,2017-07
oa_pdf/fd/c6/10.1177_03000605211058372.PMC8647271.pdf,1,GitHub,2021,2021-12
oa_pdf/fd/c6/10.1177_03000605211058372.PMC8647271.pdf,1,SourceForge,2021,2021-12
oa_pdf/fd/f6/gkz826.PMC6902034.pdf,1,Bitbucket,2019,2019-12
oa_pdf/fd/f6/gkz826.PMC6902034.pdf,1,GitHub,2019,2019-12
oa_pdf/ff/43/ijbsv14p1709.PMC6216028.pdf,1,GitHub,2018,2018-09
oa_pdf/ff/43/ijbsv14p1709.PMC6216028.pdf,1,SourceForge,2018,2018-09
oa_pdf/ff/98/nihms-1789673.PMC8972945.pdf,1,SourceForge,2022,2022-03
oa_pdf/ff/98/nihms-1789673.PMC8972945.pdf,2,GitHub,2022,2022-03
oa_pdf/ff/aa/pnas.201804428.PMC6233113.pdf,1,GitHub,2018,2018-11
oa_pdf/ff/aa/pnas.201804428.PMC6233113.pdf,1,SourceForge,2018,2018-11
